1;KID CSL SUSP BANANA 180 ML;GRUPO FARMA;1;2017;BODEGA;0;1/01/2017
2;FOSFOCIL INFANTIL IM 0,5 G AMPOLLA;SENOSIAN;1;2017;BODEGA;0;1/01/2017
3;PREDNEFRIN DORTE COLIRIO 5 ML.;ALLEGRA;1;2017;CENDIS;1;1/01/2017
4;FLAMIREX COLIRIO 15 ML.;BMA;1;2017;CENDIS;1;1/01/2017
5;AUGMENTIN BID 1 G X 14 TAB;GLAXO;1;2017;CENDIS;1;1/01/2017
6;LIPITOR 80 MG X 14 TAB;PFIZER;1;2017;CENDIS;1;1/01/2017
7;ALFER SULF UNGUENTO;ALFER;1;2017;COIDE;1;1/01/2017
8;TRIAZ 20 MG X 14 TAB;LAFRANCOl;1;2017;COIDE;1;1/01/2017
9;TIAMINA QUIFARMA 500 MG X 100 TAB;QUIFARMA;1;2017;COIDE;1;1/01/2017
10;TRAUMAFLOG 25 MG X 10 TAB;VIZCAINO;1;2017;COIDE;1;1/01/2017
11;VENTAIR 4 MG X 30 TAB;VIZCAINO;1;2017;COIDE;1;1/01/2017
12;HUGGIES ACTIVE SEC MEGA M X 50 ;KIMBERLY CLARK;1;2017;COIDE;0;1/01/2017
13;VITALUX PLUS X 30 TAB;NOVARTIS;1;2017;COLON;1;1/01/2017
14;PASINERVA JARABE 120 ML;INFASA;1;2017;INFASA;0;1/01/2017
15;ADEROGYL PEDIATRICO AMPOLLA;SANOFI AVENTIS;1;2017;JI COHEN;2;1/01/2017
16;ANILINA AMARILLA 1 GRAMO;LAFIMARQ;1;2017;LAFIMARQ;0;1/01/2017
17;FUNGITAB X 20 TAB;PHARBEST;1;2017;LANQUETAN;4;1/01/2017
18;XARELTO 15 MG X 28 TAB;BAYER;1;2017;LANQUETAN;1;1/01/2017
19;PROGYNOVA 1 MG X 28 TAB;BAYER SCHERING;1;2017;LANQUETAN;1;1/01/2017
20;ENFAGROW 3 1800 G;MEAD JHONSON;1;2017;LANQUETAN;0;1/01/2017
21;DENVAR SUSP 50 ML;MERCK;1;2017;LANQUETAN;0;1/01/2017
22;GLISULIN XR 1000 MG X 30 TAB;MERCK;1;2017;LANQUETAN;0;1/01/2017
23;JALRA M 50/1000 MG X 50 TAB;MERCK;1;2017;LANQUETAN;0;1/01/2017
24;VAPRESAN 160 MG X 14 TAB;PANALAB;1;2017;LETERAGO;0;1/01/2017
25;GOTABIOTIC COMPUESTO COLIRIO 5 ML;POEN;1;2017;LETERAGO;0;1/01/2017
26;GLAUCOTENSIL T COLIRIO 5 ML;POEN;1;2017;LETERAGO;0;1/01/2017
27;ABRILAR X 10 TAB;ROEMMERS;1;2017;LETERAGO;0;1/01/2017
28;VASOCAL EK 5/20 MG X 30 TAB;ROWE;1;2017;LETERAGO;0;1/01/2017
29;ISOPTIN RETARD 120 MG X 20 TAB;ABBOTT;1;2017;MERCED;1;1/01/2017
30;MACROVITAN JARABE 240 ML;PHARMALAT;1;2017;PHARMALAT;0;1/01/2017
31;SOPHIXIN COLIRIO 5 ML;SOPHIA;1;2017;REFASA;0;1/01/2017
32;MEDOX 25000 AMPOLLA;UNIPHARM;1;2017;RESCO;2;1/01/2017
33;FEX 200 MG X 12 TAB;UNIPHARM;1;2017;RESCO;2;1/01/2017
34;VAGIVIT 250 MG X 6 TAB;ARMSTRONG;1;2017;RESCO;0;1/01/2017
35;CARBALET H X 30 TAB;RODIM;1;2017;RODIM;0;1/01/2017
36;WINVIT JARABE 150 ML;WINZZER;1;2017;WINZZER;0;1/01/2017
37;CIPRENIT OTICO X 10 ENVASES;ASTA MEDICA;2;2017;AMICELCO;1;1/02/2017
38;CONECT 20 MG X 30 TAB;EUROFARMA;2;2017;AMICELCO;1;1/02/2017
39;AURISAN PEDIATRICO SOLUCION 15 ML;ICA;2;2017;AMICELCO;1;1/02/2017
40;REDERMIC R YEUX EYES 15 ML;LA ROCHE POSAY;2;2017;AMICELCO;1;1/02/2017
41;QUINOCIP 500 MG X 10 TAB;BAYTLE;2;2017;BAYTLE;0;1/02/2017
42;MENOPACE X 30 TAB;VITABIOTICS;2;2017;BODEGA;3;1/02/2017
43;NESTUM ARROZ;NESTLE;2;2017;BODEGA;0;1/02/2017
44;ZESTRIL 10 MG X 14 TAB;ASTRAZENECA;2;2017;CENDIS;1;1/02/2017
45;XICANIL CREMA 18 G;BMA;2;2017;CENDIS;1;1/02/2017
46;XICANIL GEL ;BMA;2;2017;CENDIS;1;1/02/2017
47;KARDECLOR GOTAS 30 ML;JANSSENG;2;2017;CENDIS;1;1/02/2017
48;LIPITOR 40 MG X 30 TAB;PFIZER;2;2017;CENDIS;1;1/02/2017
49;ALFER LUBRI COLIRIO;ALFER;2;2017;COIDE;1;1/02/2017
50;VASSLUTEN 300 MG X 30 TAB;GLOBAL FARMA;2;2017;COIDE;1;1/02/2017
51;MUCOVIBROL C SOLUCION 120 ML;LIOMONT;2;2017;COIDE;1;1/02/2017
52;SENSIBIT D X 12 TAB;LIOMONT;2;2017;COIDE;1;1/02/2017
53;METAMUCIL NARANJA 174 G;PROCTER;2;2017;COIDE;1;1/02/2017
54;NAN 3 800 G;NESTLE;2;2017;COIDE;0;1/02/2017
55;NAKURA 400 MG X 50 CAPS;DOGMA;2;2017;COLON;1;1/02/2017
56;CEFIXIMA LAXMI SUSP 100 ML;LAXMI;2;2017;COLON;1;1/02/2017
57;MECOBAL X 3 AMPOLLAS;MIDI;2;2017;COLON;1;1/02/2017
58;KID VIT JARABE 240 ML;FARMEX;2;2017;DIFPER;1;1/02/2017
59;IPRAK 750 SP 20 ML;DONOVAN;2;2017;DONOVAN;0;1/02/2017
60;LOMAX X 10 TAB;HELTER;2;2017;EXCEL;0;1/02/2017
61;ADENURIC 120 MG X 28 TAB;MENARINI;2;2017;FARMEN;0;1/02/2017
62;CARBIDUO 10/10 MG X 28 TAB;MENARINI;2;2017;FARMEN;0;1/02/2017
63;LANSOGASTRIC X 15 TAB;INFASA;2;2017;INFASA;0;1/02/2017
64;RIVOTRIL GOTAS 10 ML.;ROCHE;2;2017;JI COHEN;2;1/02/2017
65;GOICOECHEA ULTRA NUTRITIVA 400 ML;GENOMALAB;2;2017;JI COHEN;1;1/02/2017
66;NIKZON X 90 TAB;GENOMALAB;2;2017;JI COHEN;1;1/02/2017
67;SHOT B GS X 30 TSB;GENOMALAB;2;2017;JI COHEN;1;1/02/2017
68;S-26 GOLD 1 900 G;WYETH;2;2017;JI COHEN;1;1/02/2017
69;PROGRESS GOLD 3 400 G;WYETH;2;2017;JI COHEN;1;1/02/2017
70;SODA CAUSTICA LIBRA;LAFIMARQ;2;2017;LAFIMARQ;0;1/02/2017
71;NERVILAN 25000 AMPOLLA;LANCASCO;2;2017;LANCASCO;0;1/02/2017
72;ANGELIQ X 28 TAB;BAYER SHERING;2;2017;LANQUETAN;1;1/02/2017
73;MOXAR SI X 30 TAB;BUSSIE;2;2017;LANQUETAN;0;1/02/2017
74;NUTRAMIGEN 357 G;MEAD JHONSON;2;2017;LANQUETAN;0;1/02/2017
75;ENFAGRIW 3 VAINILLA 1800 G;MEAD JHONSON;2;2017;LANQUETAN;0;1/02/2017
76;DENVAR SUSP 100 ML;MERCK;2;2017;LANQUETAN;0;1/02/2017
77;PROVERA 5 MG X 20 TAB;PFIZER;2;2017;LANQUETAN;0;1/02/2017
78;LOTRIDERM CREMA 15 G;SCHERING PLOUG;2;2017;LANQUETAN;0;1/02/2017
79;OLMETEC PLUS 40/125 MG X 14 TAB;SCHERING PLOUG;2;2017;LANQUETAN;0;1/02/2017
80;EMOLIN NEO EMULSION 240 G;MEDIHEALTH;2;2017;LETERAGO;0;1/02/2017
81;SERTAL COMP FORTE X 10 TAB;ROEMMERS;2;2017;LETERAGO;0;1/02/2017
82;LIPARON 20 MG X 30 TAB;ROWE;2;2017;LETERAGO;0;1/02/2017
83;GASTROBACTER TRATAMIENTO;QUALIPHARM;2;2017;MERCED;4;1/02/2017
84;LAXIRUELA X 20 TAB;GARDEN HOUSE;2;2017;MERCED;1;1/02/2017
85;METGLITAL LEX 850/4 MG X 32 TAB;SILANES;2;2017;RESCO;4;1/02/2017
86;MEDOX 25000 AMPOLLA;UNIPHARM;2;2017;RESCO;2;1/02/2017
87;FLUCONAZOL CALOX 150 MG X 1 TAB;CALOX;2;2017;RESCO;0;1/02/2017
88;CARBALET X 30 TAB;RODIM;2;2017;RODIM;0;1/02/2017
89;FULVENT AMX JARABE 120 ML;EUROMED;2;2017;TRIPHARMA;1;1/02/2017
90;SIMECOLIC GOTAS 30 ML;GALENIKA;2;2017;TRIPHARMA;1;1/02/2017
91;VALSARTAN + HCT 80/12.5 MG X 14 TAB;GENFAR;3;2017;AMERICANA;1;1/03/2017
92;AQAPHORIL 20 MG X 30 TAB;ASTA MEDICA;3;2017;AMICELCO;1;1/03/2017
93;VARDENAFIL MK 20 MG X 4 TAB;MK;3;2017;AMICELCO;1;1/03/2017
94;POTENCIATOR X 20 AMP BEB;FAES;3;2017;BODEGA;0;1/03/2017
95;PONDS S CREMA 50 G;PONDS;3;2017;BODEGA;0;1/03/2017
96;NAN 3 800 G;NESTLE;3;2017;BODEGA;0;1/03/2017
97;FLEXURE X 15 SOBRES;PROCAPS;3;2017;CDI;0;1/03/2017
98;AEROFLUX SOL 120 ML;GLAXO;3;2017;CENDIS;1;1/03/2017
99;AUGMENTIN BID 400 MG SUSP 70 ML;GLAXO;3;2017;CENDIS;1;1/03/2017
100;PANAFOL GOTAS 15 ML;GLAXO;3;2017;COIDE;1;1/03/2017
101;NOVASIL H LOCION 50 ML;GLOBALPHARMA;3;2017;COIDE;1;1/03/2017
102;HELOTOS JARABE 120 ML;HELOS;3;2017;HELOS/FARKOT;1;1/03/2017
103;HUUGIES NAT CARE G X 20 PAÑALES;KIMBERLY CLARK;3;2017;COIDE;0;1/03/2017
104;TENA BASIC MEDIANO;KIMBERLY CLARK;3;2017;COIDE;0;1/03/2017
105;NAN SOYA 900 G;NESTLE;3;2017;COIDE;0;1/03/2017
106;DIOVAN 320 MG X 28 TAB;NOVARTIS;3;2017;COLON;1;1/03/2017
107;ORIGLU X 30 TAB;ORIFARM;3;2017;ENLACE FARMA;0;1/03/2017
108;SUKROL VIGOR MUJER X 60 TAB;FARMAMEDICA;3;2017;FARMAMEDICA;0;1/03/2017
109;RANEXA 1000  MG X 30 TAB;MENARINI;3;2017;FARMEN;0;1/03/2017
110;NOCTUM 10 MG X 10 TAB;INFASA;3;2017;INFASA;0;1/03/2017
111;VENTIFILINA JARABE 120 ML;INPROFAR;3;2017;INPROFAR;0;1/03/2017
112;MAALOX PLUS 360 ML;SANOFI AVENTIS;3;2017;JI COHEN;2;1/03/2017
113;ENSURE PLUS VAUNILLA LIQUIDA 8 OZ;ABBOTT;3;2017;JI COHEN;1;1/03/2017
114;DALAY X 30 TAB;GENOMALAB;3;2017;JI COHEN;1;1/03/2017
115;TEATRICAL ULTRA ACLARANTE 200 G;GENOMALAB;3;2017;JI COHEN;1;1/03/2017
116;TINTURA YODO GALON;LAFIMARQ;3;2017;LAFIMARQ;0;1/03/2017
117;PROFENID GEL 30 G.;SANOFI AVENTIS;3;2017;LANQUETAN;1;1/03/2017
118;DOLO VARTALON X 15 SOBRES;ASOFARMA;3;2017;LANQUETAN;0;1/03/2017
119;METOTREXATO 2.5 MG X 2 TAB;ASOFARMA;3;2017;LANQUETAN;0;1/03/2017
120;NABILA 10 MG X 28 TAB;ASOFARMA;3;2017;LANQUETAN;0;1/03/2017
121;ENFAMIL A.R 400 G;MEAD JHONSON;3;2017;LANQUETAN;0;1/03/2017
122;EUTIROX 25 MG X 50 TAB;MERCK;3;2017;LANQUETAN;0;1/03/2017
123;GLISULIN XR 500 MG X 30 TAB;MERCK;3;2017;LANQUETAN;0;1/03/2017
124;JALRA 50 MG X 56 TAB;MERCK;3;2017;LANQUETAN;0;1/03/2017
125;MINART 32 MG X 14 TAB;MERCK;3;2017;LANQUETAN;0;1/03/2017
126;PERENTEROL 200 MG X 6 CAPSULAS;MERCK;3;2017;LANQUETAN;0;1/03/2017
127;PERENTEROL X 50 SOBRES;MERCK;3;2017;LANQUETAN;0;1/03/2017
128;HYZAAR FORTE 100/12.5 MG X 15 TAB;MSD;3;2017;LANQUETAN;0;1/03/2017
129;ANALGAN 30 MG AMPOLLA;PANALAB;3;2017;LETERAGO;0;1/03/2017
130;ANUAR T X 1 TRATAMIENTO;PANALAB;3;2017;LETERAGO;0;1/03/2017
131;MATRIX X 50 TAB;PANALAB;3;2017;LETERAGO;0;1/03/2017
132;VAPRESAN 160 MG X 28 TAB;PANALAB;3;2017;LETERAGO;0;1/03/2017
133;GOTABIOTIC COLIRIO 5 ML;POEN;3;2017;LETERAGO;0;1/03/2017
134;GOTABIOTIC PLUS COLIRIO 5 ML;POEN;3;2017;LETERAGO;0;1/03/2017
135;LOTRIAL D X 30 TAB;ROEMMERS;3;2017;LETERAGO;0;1/03/2017
136;BETA DIPIN X 30 TAB;ROWE;3;2017;LETERAGO;0;1/03/2017
137;MEGALEXIL JARABE 120 ML;MEGASA;3;2017;MEGASA;0;1/03/2017
138;SUPRACREZ JARABE 240 ML;MEGASA;3;2017;MEGASA;0;1/03/2017
139;TARKA 180/2 MG X 15 TAB;ABBOTT;3;2017;MERCED;1;1/03/2017
140;HORMORAL 100 MG X 10 TAB;SILESIA;3;2017;RESCO;2;1/03/2017
141;CLOTRIMAZOL CALOX CREMA 50 G;CALOX;3;2017;RESCO;0;1/03/2017
142;LAGRESH COLIRIO 10 ML;WELLCO;3;2017;WELLCO;0;1/03/2017
143;YESO DELTA LITE PLUS #3 MORADO;BSN MEDICAL                             ;3;2017;BODEGA;0;1/03/2017
144;DICLOXACILINA 250 MG SUSP 80 ML;GENFAR;4;2017;AMERICANA;1;1/04/2017
145;ODICA 150 MG X 28 TAB;ASTA MEDICA;4;2017;AMICELCO;1;1/04/2017
146;SYSTAGEL 20 G;ASTA MEDICA;4;2017;AMICELCO;1;1/04/2017
147;PLANIFERT X 21 TAB;DALT PHARMA;4;2017;AMICELCO;1;1/04/2017
148;BIPERID LP 4 MG X 30 TAB;EUROFARMA;4;2017;AMICELCO;1;1/04/2017
149;CLONOTEN 2 MG X 30 TAB;EUROFARMA;4;2017;AMICELCO;1;1/04/2017
150;MELOXICAM 7.5 MG X 10 TAB;FARMANDINA;4;2017;BECOFARMA;0;1/04/2017
151;EJEMPLAR FORTE X 25 TAB;JR;4;2017;BODEGA;1;1/04/2017
152;PEPTO BISMOL 236 ML;PROCTER;4;2017;BODEGA;1;1/04/2017
153;ACHLIR SUSP 75 ML;BONIN;4;2017;BONIN;0;1/04/2017
154;LOMBRISACA X 100 TAB;LOPEZ ;4;2017;CDI;0;1/04/2017
155;CHAPSTICK CEREZA;CHAPSTICK;4;2017;CENDIS;1;1/04/2017
156;SUFREXAL X 10 OVULOS;JANSSENG;4;2017;CENDIS;1;1/04/2017
157;PROTECTOR JHONSON X 12;JHONSON;4;2017;CENDIS;1;1/04/2017
158;EXFORGE 5/320 MG X 14 TAB;NOVARTIS;4;2017;CENDIS;1;1/04/2017
159;LIPITOR 10 MG X 30 TAB;PFIZER;4;2017;CENDIS;1;1/04/2017
160;DEPO PROVERA 150 MG AMPOLLA;PFIZER;4;2017;CENDIS;1;1/04/2017
161;MEDROL 4 MG X 30 TAB;PFIZER;4;2017;CENDIS;1;1/04/2017
162;FERRUM HAUSSMAN X 10 AMP BEB;VIFOR;4;2017;CENDIS;1;1/04/2017
163;PREDNABENE 5 MG X 15 TAB;GLOBALPHARMA;4;2017;COIDE;1;1/04/2017
164;STAYFREE C ALAS X 10 TOALLITAS;JHONSON;4;2017;COIDE;1;1/04/2017
165;ACLAMED 600 MG SUSP 100 ML;MED PHARMA;4;2017;COIDE;1;1/04/2017
166;COL LESS 40 MG X 20 TAB;MED PHARMA;4;2017;COIDE;1;1/04/2017
167;PEPTO BISMOL 236 ML;PROCTER;4;2017;COIDE;1;1/04/2017
168;CO DIOVAN 160/12.5 MG X 14 TAB;NOVARTIS;4;2017;COLON;1;1/04/2017
169;ITIS FEM X 7 OVULOS;ASKLEPIOS;4;2017;DIFOSA;4;1/04/2017
170;AEROVAN SP IPRAK 750 ;DONOVAN;4;2017;DONOVAN;0;1/04/2017
171;METAVAN 850 MG X 30 TAB;DONOVAN;4;2017;DONOVAN;0;1/04/2017
172;DOLO MENALGIL AMPOLLA;MENARINI;4;2017;FARMEN;0;1/04/2017
173;PRILIGY 60 MG X 3 TAB;MENARINI;4;2017;FARMEN;0;1/04/2017
174;MIL BEDOCE X2 AMPOLLAS;GAMAPHARM;4;2017;GAMAPHARM;0;1/04/2017
175;TRAZODONA 100 MG X 30 TAB;QUALIPHARM;4;2017;INVERSIONES SHALOM;2;1/04/2017
176;COREG 25 MG X 28 TAB;ROCHE;4;2017;JI COHEN;2;1/04/2017
177;LACTACYD BREEZE 200 ML;SANOFI AVENTIS;4;2017;JI COHEN;2;1/04/2017
178;PHARMATON X 60 TAB;BOEHRINGER                              ;4;2017;JI COHEN;1;1/04/2017
179;ASEPXIA X 30 TAB;GENOMALAB;4;2017;JI COHEN;1;1/04/2017
180;GOICOECHEA ANTI CELULITIS 400 ML;GENOMALAB;4;2017;JI COHEN;1;1/04/2017
181;GOICOHECHEA REAFIRMANTE 400 ML;GENOMALAB;4;2017;JI COHEN;1;1/04/2017
182;NIKZON X 90 TAB;GENOMALAB;4;2017;JI COHEN;1;1/04/2017
183;S-26 GOLD 1 400 G;WYETH;4;2017;JI COHEN;1;1/04/2017
184;PROMIL GOLD 2 400 G;WYETH;4;2017;JI COHEN;1;1/04/2017
185;MERCURIO GALON ;LAFIMARQ;4;2017;LAFIMARQ;0;1/04/2017
186;CLANIC BID X 10 TAB;LANCASCO;4;2017;LANCASCO;0;1/04/2017
187;INDULAN 25 MG X 10 TAB;LANCASCO;4;2017;LANCASCO;0;1/04/2017
188;ERITROPOYECTINA 4000 AMPOLLA;ASTA MEDICA;4;2017;LANQUETAN;2;1/04/2017
189;CABERTRIX X 2 TAB;ASOFARMA;4;2017;LANQUETAN;0;1/04/2017
190;CLINFOL 100 MG X 7 OVULOS;ASOFARMA;4;2017;LANQUETAN;0;1/04/2017
191;FABRIS 100 MG X 30 TAB;ASOFARMA;4;2017;LANQUETAN;0;1/04/2017
192;MELITASE 500 MG X 7 TAB;ASOFARMA;4;2017;LANQUETAN;0;1/04/2017
193;TOPICTAL 25 MG X 28 TAB;ASOFARMA;4;2017;LANQUETAN;0;1/04/2017
194;TOPICTAL 50 MG X 28 TAB;ASOFARMA;4;2017;LANQUETAN;0;1/04/2017
195;VARTALIN DUO X 30 SOBRES;ASOFARMA;4;2017;LANQUETAN;0;1/04/2017
196;MICARDIS PLUS X 14 TAB;BOEHRINGER                              ;4;2017;LANQUETAN;0;1/04/2017
197;ENFAMIL 1 1200 G CAJA;MEAD JHONSON;4;2017;LANQUETAN;0;1/04/2017
198;ENFAMIL ENFACARE 363 G;MEAD JHONSON;4;2017;LANQUETAN;0;1/04/2017
199;ENFAGROW 3 VAINILLA 900 G;MEAD JHONSON;4;2017;LANQUETAN;0;1/04/2017
200;PANTOGSR X 90 TSB;MERZ;4;2017;LANQUETAN;0;1/04/2017
201;COZAAR XQ 5/100 MG X 30 TAB;MSD;4;2017;LANQUETAN;0;1/04/2017
202;DIPROSOAN AMPOLLA 2 ML;SCHERING PLOUG;4;2017;LANQUETAN;0;1/04/2017
203;TOPTEAR COLIRIO 10 ML;POEN;4;2017;LETERAGO;0;1/04/2017
204;NIRAPEL FORTE X 10 TAB;ROEMMERS;4;2017;LETERAGO;0;1/04/2017
205;NEFROTAL PLUS X 28 TAB;ROWE;4;2017;LETERAGO;0;1/04/2017
206;DAYAMINERAL JARABE OFERTA;ABBOTT;4;2017;MERCED;1;1/04/2017
207;MERLIX AMPOLLA;UNIPHARM;4;2017;RESCO;2;1/04/2017
208;UNILAM H 100/25 MG X 14 TAB;UNIPHARM;4;2017;RESCO;2;1/04/2017
209;UNILAM H 50/12,5 MG X 14 TAB;UNIPHARM;4;2017;RESCO;2;1/04/2017
210;TRIFAMOX IBL SUSP 30 ML;BAGO;4;2017;RESCO;0;1/04/2017
211;TRIFAMOX IBL SUSP 60 ML;BAGO;4;2017;RESCO;0;1/04/2017
212;YESO DELTA LITE PLUS #4 AMARILLO;BSN MEDICAL                             ;4;2017;BODEGA;0;1/04/2017
213;METOPROLOL TARTRATO 100 MG X 30 TAB;GENFAR;5;2017;AMERICANA;1;1/05/2017
214;TRAVATAN COLIRIO 2.5 ML;ALCON;5;2017;AMICELCO;1;1/05/2017
215;PRADAXA 75 MG X 30 TAB;BOEHRINGER;5;2017;AMICELCO;1;1/05/2017
216;BETISTIN 24 MG X 20 TAB;EUROFARMA;5;2017;AMICELCO;1;1/05/2017
217;REGUTOL 20 MG X 30 TAB;LAPRIN;5;2017;AMICELCO;1;1/05/2017
218;UNGUESYL CREMA 15 G.;MCA;5;2017;AMICELCO;1;1/05/2017
219;WELLMAN X 30 TAB;VITABIOTICS;5;2017;BODEGA;3;1/05/2017
220;DIABECON X 60 TAB;HIMALAYA;5;2017;BODEGA;1;1/05/2017
221;EXFOKIANTE SUAVE DE NUEZ DE CASTILLA 150 ML;HIMALAYA;5;2017;BODEGA;1;1/05/2017
222;EXFOLIANTE SUAVE DE ALBARICOQUE 150 ML;HIMALAYA;5;2017;BODEGA;1;1/05/2017
223;HIMPKASIA X 30 TAB;HIMALAYA;5;2017;BODEGA;1;1/05/2017
224;PERMIXON 160 MG X 30 TAB;PIERRE FABRE;5;2017;BODEGA;0;1/05/2017
225;MICCIL X 5 AMPOLLAS;SENOSIAN;5;2017;BODEGA;0;1/05/2017
226;NIDO FORTIFICADA 720 G.;NESTLE;5;2017;BODEGA;0;1/05/2017
227;NIDO FORTIFICADA 360 G.;NESTLE;5;2017;BODEGA;0;1/05/2017
228;NIDO FORTIFICADA 1400 G.;NESTLE;5;2017;BODEGA;0;1/05/2017
229;NIDO FORTIFICADA 2200 G.;NESTLE;5;2017;BODEGA;0;1/05/2017
230;ANCHOR BOLSA 2200 G;NESTLE;5;2017;BODEGA;0;1/05/2017
231;ACHLOR 500 MG X 15 TAB;BONIN;5;2017;BONIN;0;1/05/2017
232;BONADIONA 10 MG AMPOLLA;BONIN;5;2017;BONIN;0;1/05/2017
233;COXICAM 15 X 20 TAB;LOPEZ;5;2017;CDI;0;1/05/2017
234;COXICSM FLEX X 24 TAB;LOPEZ;5;2017;CDI;0;1/05/2017
235;VITA ASTENIAVIT X 10 AMPOLLAS;LOPEZ;5;2017;CDI;0;1/05/2017
236;FORTZINK 20 TAB;PROCAPS;5;2017;CDI;0;1/05/2017
237;TENORMIN 50 MG X 14 TAB;ASTRAZENECA;5;2017;CENDIS;1;1/05/2017
238;0ES3 X 30 TAB;BMA;5;2017;CENDIS;1;1/05/2017
239;CHAPSTICK NATURAL;CHAPSTICK;5;2017;CENDIS;1;1/05/2017
240;PANADOL JARABE 120 ML;GLAXO;5;2017;CENDIS;1;1/05/2017
241;GYNODSJTARIN DUAL 1 DIA;JANSSENG;5;2017;CENDIS;1;1/05/2017
242;VISINA COLIRIO 15 ML;JANSSENG;5;2017;CENDIS;1;1/05/2017
243;LISTERINE COOL MINT 500 ML.;JHONSON;5;2017;CENDIS;1;1/05/2017
244;LISTERINE ORIGINAL 500 ML;JHONSON;5;2017;CENDIS;1;1/05/2017
245;LISTERINE COOL MINT 250 ML;JHONSON;5;2017;CENDIS;1;1/05/2017
246;PROTECTORES PARA LACTANCIA X 12;JHONSON;5;2017;CENDIS;1;1/05/2017
247;ZYPREXA 10 MG X 14 TAB;LILLY;5;2017;CENDIS;1;1/05/2017
248;EXFORGE HCT 5/160/25 MG X 14 TAB;NOVARTIS;5;2017;CENDIS;1;1/05/2017
249;NEURONTIN 400 MG X 30 TAB;PFIZER;5;2017;CENDIS;1;1/05/2017
250;DEPO PROVERA 150 MG AMPOLLA;PFIZER;5;2017;CENDIS;1;1/05/2017
251;IBUPROFENO JARABE 90 ML;FARMANDINA;5;2017;COIDE;1;1/05/2017
252;COFAL FUERTE TARRO 120 G;GLAXO;5;2017;COIDE;1;1/05/2017
253;GASSTREXX PLUS X 20 TAB;MED PHARMA;5;2017;COIDE;1;1/05/2017
254;GASTREXX 40 MG X 30 TAB;MED PHARMA;5;2017;COIDE;1;1/05/2017
255;DISSUALON 10/10 MG X 30 TAB;VIZCAINO;5;2017;COIDE;1;1/05/2017
256;DISSUALON 20/20 MG X 30 TAB;VIZCAINO;5;2017;COIDE;1;1/05/2017
257;HUGGIES NAT CARE 184 TOALLITAS;KIMBERLY CLARK;5;2017;COIDE;0;1/05/2017
258;NAN 3 800 G;NESTLE;5;2017;COIDE;0;1/05/2017
259;NAN HA 400 G;NESTLE;5;2017;COIDE;0;1/05/2017
260;EXFORGE HCT 5/160/25 MG 14 TAB;NOVARTIS;5;2017;COLON;1;1/05/2017
261;EXFORGE HCT 5/160/12.5 MG 28 TAB;NOVARTIS;5;2017;COLON;1;1/05/2017
262;GASTROZYM X 30 TAB;LAXMI;5;2017;COLON;1;1/05/2017
263;CETRAXAL 500 X 10 TAB;FARMEX;5;2017;DIFPER;1;1/05/2017
264;METAVAN 1000 MG XR X 30 TAB;DONOVAN;5;2017;DONOVAN;0;1/05/2017
265;MENALGIL 25000 AMPO;MENARINI;5;2017;FARMEN;0;1/05/2017
266;SUKROL VIGOR HOMBRE 30 TAB;FARMAMEDICA;5;2017;FARMAMEDICA;0;1/05/2017
267;FLOXALEV 750 MG X 7 TAB;INFASA;5;2017;INFASA;0;1/05/2017
268;DEXTRIUM AMPOLLA;INFASA;5;2017;INFASA;0;1/05/2017
269;TENSIL 10 MG X 40 TAB;INFASA;5;2017;INFASA;0;1/05/2017
270;ALLEGRA 180 MG X 10 TAB;SANOFI AVENTIS;5;2017;JI COHEN;2;1/05/2017
271;MAALOX PLUS SUSP 180 ML;SANOFI AVENTIS;5;2017;JI COHEN;2;1/05/2017
272;ENSURE NG FRESA 400 G;ABBOTT;5;2017;JI COHEN;1;1/05/2017
273;ENSURE FRESA 8 OZ;ABBOTT;5;2017;JI COHEN;1;1/05/2017
274;NEXIUM 40 MG X 14 TAB;ASTRAZENECA;5;2017;JI COHEN;1;1/05/2017
275;PHARMATON PROTEC X 60 TAB;BOHERINGER;5;2017;JI COHEN;1;1/05/2017
276;TEATRICAL DESMAQUILLANTE 200 G;GENOMALAB;5;2017;JI COHEN;1;1/05/2017
277;PROGRESS GOLD 3 900 G;WYETH;5;2017;JI COHEN;1;1/05/2017
278;OBBIAT X 21 TAB;DALT PHARMA;5;2017;LANQUETAN;2;1/05/2017
279;MICROGYNON X 21 TAB;BAYER SCHERING;5;2017;LANQUETAN;1;1/05/2017
280;PRADAXA 110 MG X 30 TAB;BOEHRINGER                              ;5;2017;LANQUETAN;1;1/05/2017
281;AMARYL M SR 2/850 MG X 16 TAB;SANOFI AVENTIS;5;2017;LANQUETAN;1;1/05/2017
282;EUTEBROL 10 MG X 30 TAB;ASOFARMA;5;2017;LANQUETAN;0;1/05/2017
283;CONCOR AM 5/5 MG X 30 TAB;MERCK;5;2017;LANQUETAN;0;1/05/2017
284;EUTIROX 125 MG X 50 TAB;MERCK;5;2017;LANQUETAN;0;1/05/2017
285;ILIADIN BEBE GOTAS 20 ML;MERCK;5;2017;LANQUETAN;0;1/05/2017
286;PROVERA 5 MG X 20 TAB;PFIZER;5;2017;LANQUETAN;0;1/05/2017
287;OLMETEC 20 MG X 14 TAB;SCHERING PLOUG;5;2017;LANQUETAN;0;1/05/2017
288;UMBRELLA BASE COMPACTA 50 PA ;MEDIHEALTH;5;2017;LETERAGO;0;1/05/2017
289;GLAUCOTENSIL D COLIRIO 5 ML;POEN;5;2017;LETERAGO;0;1/05/2017
290;CLAVULIN 125 MG SUSP 60 ML;ROEMMERS;5;2017;LETERAGO;0;1/05/2017
291;CORENTEL 5 MG X 20 TAB;ROEMMERS;5;2017;LETERAGO;0;1/05/2017
292;BOLARIA 16 MG X 20 TAB;ROEMMERS;5;2017;LETERAGO;0;1/05/2017
293;JABON DE ALQUITRAN MEDIC;MEDIC;5;2017;LOS DOS;0;1/05/2017
294;LOCION DE VIOLETA MEDIC 4 OZ;MEDIC;5;2017;LOS DOS;0;1/05/2017
295;CANESTEN V X 3 OVULOS;BAYER;5;2017;MERCED;2;1/05/2017
296;CANESTEN V CREMA VAGINAL 35 G;BAYER;5;2017;MERCED;2;1/05/2017
297;EPIVAL 500 MG X 30 TAB;ABBOTT;5;2017;MERCED;1;1/05/2017
298;MULTIVITAN GOTAS 25 ML;PHARMADEL;5;2017;PHARMADEL;0;1/05/2017
299;GERILAT FORTE X 30 TAB;PHARMALAT;5;2017;PHARMALAT;0;1/05/2017
300;IMOT COLIRIO 15 ML;SOPHIA;5;2017;REFASA;0;1/05/2017
301;PERLA X 28 TSB;ABL;5;2017;RESCO;2;1/05/2017
302;DOLO FENIL X 100 TAB;UNIPHARM;5;2017;RESCO;2;1/05/2017
303;ASTIK SR 75 MG X 30 TAB;UNIPHARM;5;2017;RESCO;2;1/05/2017
304;ASTIK SR 150 MG X 30 TAB;UNIPHARM;5;2017;RESCO;2;1/05/2017
305;ASTIK SR 300 MG X 30 TAB;UNIPHARM;5;2017;RESCO;2;1/05/2017
306;ANGIOTROFIN RETARD 240 MG X 10 TAB;ARMSTRONG;5;2017;RESCO;0;1/05/2017
307;CEFADROXILO CALOX 500 MG X 12 TAB;CALOX;5;2017;RESCO;0;1/05/2017
308;LOSARTAN HCT CALOX 50/12.5 X 30 TAB;CALOX;5;2017;RESCO;0;1/05/2017
309;COXALGON X 10 TAB;GALENIKA;5;2017;TRIPHARMA;1;1/05/2017
310;YESO DELTA LITE PLUS #3 AZUL;BSN MEDICAL                             ;5;2017;BODEGA;0;1/05/2017
311;YESO DELTA LITE PLUS #3 ROJO;BSN MEDICAL                             ;5;2017;BODEGA;0;1/05/2017
312;NEO MELUBRINA X 5 SUPOSITORIOS;SANOFI AVENTIS;6;2017;AMERICANA;2;1/06/2017
313;DICLOXACILINA 125 MG SUSP 80 ML;GENFAR;6;2017;AMERICANA;1;1/06/2017
314;VALSARTAN 160 MG X 14 TAB;GENFAR;6;2017;AMERICANA;1;1/06/2017
315;VERAPAMILO 80 MG X 50 TAB;GENFAR;6;2017;AMERICANA;1;1/06/2017
316;AZOPT COLIRIO 5 ML;ALCON;6;2017;AMICELCO;1;1/06/2017
317;OPTIFREE REPLENISH 120 ML;ALCON;6;2017;AMICELCO;1;1/06/2017
318;TOBRADEX COLIRIO 5 ML;ALCON;6;2017;AMICELCO;1;1/06/2017
319;MODIP X 30 TAB;ASTA MEDICA;6;2017;AMICELCO;1;1/06/2017
320;TELYDALT PLUS 80/12.5 X 28 TAB;ASTA MEDICA;6;2017;AMICELCO;1;1/06/2017
321;MELADININA 10 MG X 30 TAB;CHONOIN ;6;2017;AMICELCO;1;1/06/2017
322;GASTROFLUX SUSPENSIÓN 100 ML;EUROFARMA;6;2017;AMICELCO;1;1/06/2017
323;REDERMIC R CORRECTOR 30 ML;LA ROCHE POSAY;6;2017;AMICELCO;1;1/06/2017
324;GABILEP 300 MG X 30 TAB;LAPRIN;6;2017;AMICELCO;1;1/06/2017
325;GABILEP 400 MG X 30 TAB;LAPRIN;6;2017;AMICELCO;1;1/06/2017
326;UNGUESYL CREMA 15 G.;MCA;6;2017;AMICELCO;1;1/06/2017
327;ARCALION 200 MG X 20 TAB;SERVIER;6;2017;AMICELCO;1;1/06/2017
328;LANSOPRAZOL 30 MG X 28 TAB;FARMANDINA;6;2017;BECOFARMA;0;1/06/2017
329;CARDIOACE X 30 TAB;VITABIOTICS;6;2017;BODEGA;3;1/06/2017
330;FEROGLOBIN X 30 TAB;VITABIOTICS;6;2017;BODEGA;3;1/06/2017
331;DIVITOO X 20 TAB;TOP FARMA;6;2017;BODEGA;2;1/06/2017
332;LOSATOP H 100/12.5 MG X 30 TAB;TOP FARMA;6;2017;BODEGA;2;1/06/2017
333;JUVENTUS EMCLAREX GEL 30 G;BUSSIE;6;2017;BODEGA;1;1/06/2017
334;SEPTILIN X 100 TAB;HIMALAYA;6;2017;BODEGA;1;1/06/2017
335;CELEBRA 200 MG X 10 TAB;PFIZER;6;2017;BODEGA;0;1/06/2017
336;AUXXIL 750 MG X 7 TAB;CHILE;6;2017;BODEGA;0;1/06/2017
337;SPRAINER 80 ML Y 120 ML;OPHTA;6;2017;BODEGA;0;1/06/2017
338;GABANTIN 300 MG X 30 TSB;LOPEZ;6;2017;CDI;0;1/06/2017
339;ATACAND PLUS 32/12.5 MG X 14 TAB;ASTRAZENECA;6;2017;CENDIS;1;1/06/2017
340;ELEQUINE 500 MG X 7 TAB;JANSSENG;6;2017;CENDIS;1;1/06/2017
341;RETIN A 0.05% CREMA 40 G;JANSSENG;6;2017;CENDIS;1;1/06/2017
342;TYLENOL GOTAS 15 ML;JANSSENG;6;2017;CENDIS;1;1/06/2017
343;LISTERINE ORIGINAL 250 ML;JHONSON;6;2017;CENDIS;1;1/06/2017
344;LISTERINE COOL MINT 250 ML;JHONSON;6;2017;CENDIS;1;1/06/2017
345;VISINA COLIRIO 15 ML.;JHONSON;6;2017;CENDIS;1;1/06/2017
346;EXFORGE HCT 10/160/25 X 14 TAB;NOVARTIS;6;2017;CENDIS;1;1/06/2017
347;DESITIN ORIGINAL 57 G;PFIZER;6;2017;CENDIS;1;1/06/2017
348;VALDURE AMPOLLA;PFIZER;6;2017;CENDIS;1;1/06/2017
349;ADVIL X 12 TAB;WYETH;6;2017;CENDIS;1;1/06/2017
350;TABCIN GT GEL X 30 PARES;BAYER;6;2017;COIDE;4;1/06/2017
351;ALFER CONTACT COLIRIO 15 ML;ALFER;6;2017;COIDE;1;1/06/2017
352;EMULSION SCOTT 400 ML;GLAXO;6;2017;COIDE;1;1/06/2017
353;COL LESS 40 MG X 20 TAB;MED PHARMA;6;2017;COIDE;1;1/06/2017
354;HERPESAN GEL ;ROWA;6;2017;COIDE;1;1/06/2017
355;ISOCRANEOL GOTAS 30 ML;VIZCAINO;6;2017;COIDE;1;1/06/2017
356;DEKAC X 2 +1AMPOLAS;FARKOT;6;2017;FARKOT;1;1/06/2017
357;HUGGIES NAT CARE G X 20 PAÑALES;KIMBERLY CLARK;6;2017;COIDE;0;1/06/2017
358;NAN 2 400 G;NESTLE;6;2017;COIDE;0;1/06/2017
359;NIDO CRECIMIENTO 2200 G;NESTLE;6;2017;COIDE;0;1/06/2017
360;EFINEX MET 1000/2 MG X 30 TAB;UNIPHARM;6;2017;COLON;2;1/06/2017
361;EXFORGE HCT 5/160/12.5 MG 14 TAB;NOVARTIS;6;2017;COLON;1;1/06/2017
362;EXFORGE 5/160 MG X 28 TAB;NOVARTIS;6;2017;COLON;1;1/06/2017
363;ROSUVASTATIN 20 MG X 10 TAB;ASKLEPIOS;6;2017;DIFOSA;4;1/06/2017
364;TASEK X 7 TAB;FARMEX;6;2017;DIFPER;1;1/06/2017
365;DISIRGSDERM CREMA 20 G;DISORGA;6;2017;DISORGA;3;1/06/2017
366;MOMEMIST SPRAY NASAL 18 G;DONOVAN;6;2017;DONOVAN;0;1/06/2017
367;SITAVAN 100 mg X 15 TAB;DONOVAN;6;2017;DONOVAN;0;1/06/2017
368;SITAVAN X 30 TAB;DONOVAN;6;2017;DONOVAN;0;1/06/2017
369;CLAXIL SUSP 70 ML;DROFARMA;6;2017;DROFARMA;0;1/06/2017
370;ADENURIC 80 MG X 28 TAB;MENARINI;6;2017;FARMEN;0;1/06/2017
371;ZOFENIL 15 MG X 28 TAB;MENARINI;6;2017;FARMEN;0;1/06/2017
372;ZOFENIL 30 MG X 14 TAB;MENARINI;6;2017;FARMEN;0;1/06/2017
373;BRU COXIB X 10 CAPS;FR MEDIKAL;6;2017;FR MEDIKAL;0;1/06/2017
374;MIDERM CREMA TOPICA 20 G;INFASA;6;2017;INFASA;0;1/06/2017
375;LAMOTRIGINA 25 MG X 30 TAB;QUALIPHARM;6;2017;INVERSIONES SHALOM;2;1/06/2017
376;DORMICUM 15 MG X 30 TAB;ROCHE;6;2017;JI COHEN;2;1/06/2017
377;BI PROFENID 150 MG X 10 TAB;SANOFI AVENTIS;6;2017;JI COHEN;2;1/06/2017
378;MAALOX PLUS X 50 TAB;SANOFI AVENTIS;6;2017;JI COHEN;2;1/06/2017
379;MAALOX REFLUX SUSP 180 ML;SANOFI AVENTIS;6;2017;JI COHEN;2;1/06/2017
380;ENSURE VAINILLA LIQUIDA 8 OZ;ABBOTT;6;2017;JI COHEN;1;1/06/2017
381;ASEPXIA JABON FORTE;GENOMALAB;6;2017;JI COHEN;1;1/06/2017
382;CICATRICURE ARRUGAS Y LINEAS 60 G;GENOMALAB;6;2017;JI COHEN;1;1/06/2017
383;GOICOECHEA REAFIRMANTE 400 ML;GENOMALAB;6;2017;JI COHEN;1;1/06/2017
384;NIKZON X 90 TAB;GENOMALAB;6;2017;JI COHEN;1;1/06/2017
385;PROGRESS GOLD 3 900 G;WYETH;6;2017;JI COHEN;1;1/06/2017
386;ACEITE DE RUDA 60 ML;LAFIMARQ;6;2017;LAFIMARQ;0;1/06/2017
387;LANSAVIT JARABE 240 ML;LAMJIREH;6;2017;LAMJIREH;0;1/06/2017
388;ZYLURIC 300 MG X 30 TAB;PHARLAND;6;2017;LANDIVAR;3;1/06/2017
389;YAZ X 28 TAB;BAYER SCHERING;6;2017;LANQUETAN;1;1/06/2017
390;TRAYENTA DUO 25/50 MG X 30 TAB;BOEHRINGER                              ;6;2017;LANQUETAN;1;1/06/2017
391;COLMIBE 10/10 MG X 10 TAB;ASOFARMA;6;2017;LANQUETAN;0;1/06/2017
392;GABICTAL 400 MG X 30 TAB;ASOFARMA;6;2017;LANQUETAN;0;1/06/2017
393;ILTUX 40 MG X 28 TAB;ASOFARMA;6;2017;LANQUETAN;0;1/06/2017
394;ILTUX HCT 40/12.5 MG X 28 TAB;ASOFARMA;6;2017;LANQUETAN;0;1/06/2017
395;QUETIAZIC 25 MG X 30 TAB;ASOFARMA;6;2017;LANQUETAN;0;1/06/2017
396;TAMSULON DUO X 30 CAPSULAS;ASOFARMA;6;2017;LANQUETAN;0;1/06/2017
397;YAZ X 28 TAB;BAYER / SCHERING;6;2017;LANQUETAN;0;1/06/2017
398;MOXAR 5 MG X 30 TAB;BUSSIE;6;2017;LANQUETAN;0;1/06/2017
399;ENFAMIL CONFORT 900 G;MEAD JHONSON;6;2017;LANQUETAN;0;1/06/2017
400;ENFAMIL 1 1200 G;MEAD JHONSON;6;2017;LANQUETAN;0;1/06/2017
401;CEBION 1G X 10 TAB;MERCK;6;2017;LANQUETAN;0;1/06/2017
402;CONCOR AM 10/5 MG X 30 TAB;MERCK;6;2017;LANQUETAN;0;1/06/2017
403;EUTIROX 100 MG X 50 TAB;MERCK;6;2017;LANQUETAN;0;1/06/2017
404;JALRA M 50/500 MG X 50 TAB;MERCK;6;2017;LANQUETAN;0;1/06/2017
405;HEPA MERZ X 10 SOBRES;MERZ;6;2017;LANQUETAN;0;1/06/2017
406;HYZAAR 50/12.5 MG X 15 TAB;MSD;6;2017;LANQUETAN;0;1/06/2017
407;DIPROSPAN AMP 2 ML;SCHERING PLOUG;6;2017;LANQUETAN;0;1/06/2017
408;URGINAL UD X 10 TAB;PANALAB;6;2017;LETERAGO;0;1/06/2017
409;VANTUS 10 MG X 30 TAB;PANALAB;6;2017;LETERAGO;0;1/06/2017
410;VANTUS 20 MG X 30 TAB;PANALAB;6;2017;LETERAGO;0;1/06/2017
411;VANTUS 40 MG X 30 TAB;PANALAB;6;2017;LETERAGO;0;1/06/2017
412;TOPTEAR COLIRIO 10 ML;POEN;6;2017;LETERAGO;0;1/06/2017
413;DOLO NEUROMEG AMPOLLAS;MEGASA;6;2017;MEGASA;0;1/06/2017
414;LOZAPREM 40 MG X 30 TAB;QUALIPHARM;6;2017;MERCED;4;1/06/2017
415;ISOOTIN RETARD 120 MG X 20 TAB;ABBOTT;6;2017;MERCED;1;1/06/2017
416;BRONEXINA PS PHARMA JARABE 120 ML;PS PHARMA;6;2017;PS PHARMA;0;1/06/2017
417;COXYLAN COLIRIO 5 ML;SOPHIA;6;2017;REFASA;0;1/06/2017
418;VERTISAL 400 MG X 40 TAB;SILANES;6;2017;RESCO;4;1/06/2017
419;PREGALEX 75 MG X 30 TAB;ABL;6;2017;RESCO;2;1/06/2017
420;TRIFAMOX IBL DUO X 14 TAB;BAGO;6;2017;RESCO;0;1/06/2017
421;DIOXAFKEX PLUS X 3 AMPOLLAS;BAGO;6;2017;RESCO;0;1/06/2017
422;ACICLOVIR CALOX 400 MG X 30 TAB;CALOX;6;2017;RESCO;0;1/06/2017
423;LOSARTAN HCT CALOX 100/25 X 30 TAB;CALOX;6;2017;RESCO;0;1/06/2017
424;MUCOBEX A SOLUCIIN 120 ml;BEXSALPHARMA;6;2017;RYG;0;1/06/2017
425;LOSARTAN + HCT LOKET 50/12.5 X 30 TAB;WASHINGTON;6;2017;WASHINGTON;4;1/06/2017
426;BIFONADERM CREMA 30 G;WINZZER;6;2017;WINZZER;0;1/06/2017
427;YESO DELTA LITE PLUS #3 ROSADO;BSN MEDICAL                             ;6;2017;BODEGA;0;1/06/2017
428;NOVOPHANE X 60 TAB;ACM;7;2017;BODEGA;0;1/07/2017
429;VALSARTAN 80 MG X 14 TAB;GENFAR;7;2017;AMERICANA;1;1/07/2017
430;OFTIZOLAMIDA X 20 TAB;OFTISOL;7;2017;AMERICANA;1;1/07/2017
431;TODEXFINA COKIRIO 7.5 ML;OFTISOL;7;2017;AMERICANA;1;1/07/2017
432;FENOROL X 30 TAB;DALT PHARMA;7;2017;AMICELCO;3;1/07/2017
433;FLUDALT DUO X 60 TSB;DALT PHARMA;7;2017;AMICELCO;3;1/07/2017
434;CLOPRIM X 40 TAB;ARSAL;7;2017;AMICELCO;1;1/07/2017
435;CIPRENIT X 10 TAB;ASTA MEDICA;7;2017;AMICELCO;1;1/07/2017
436;IMBYS SUSPENCION;ASTA MEDICA;7;2017;AMICELCO;1;1/07/2017
437;CONECT 10 MG X 30 TAB;EUROFARMA;7;2017;AMICELCO;1;1/07/2017
438;METIOM X 28 SOBRES;LAPRIN;7;2017;AMICELCO;1;1/07/2017
439;ACETAMINOFEN NK X 100 TAB;MK;7;2017;AMICELCO;1;1/07/2017
440;LEVOFLOXACINA MK X 10 TAB;MK;7;2017;AMICELCO;1;1/07/2017
441;PARACETAMOL MK 750 MG X 20 TAB;MK;7;2017;AMICELCO;1;1/07/2017
442;NIVEA DEO SPRAY DRY CONFORT 92 G;NIVEA;7;2017;AMICELCO;1;1/07/2017
443;IRBESARTAN 150 MG X 30 TAB;FARMANDINA;7;2017;BECOFARMA;0;1/07/2017
444;MELEX X 30 TAB;BIAL;7;2017;BODEGA;2;1/07/2017
445;HEPATOTOP X 30 TAB;TOP FARMA;7;2017;BODEGA;2;1/07/2017
446;NERVIMAX 25000 AMPOLLA;JR;7;2017;BODEGA;1;1/07/2017
447;OCUNUT A SOLUCION 100 ML;OFTISOL;7;2017;BODEGA;0;1/07/2017
448;LUIVAC X 28 TAB;SANKYO;7;2017;BODEGA;0;1/07/2017
449;OLD SPICE SPRAY WOLF 150 ML;PROCTER;7;2017;BODEGA;0;1/07/2017
450;FOSFOCIL 500 MG X 12 TAB;SENOSIAN;7;2017;BODEGA;0;1/07/2017
451;NIDO CRECIMIENTO 1 2200 G;NESTLE;7;2017;BODEGA;0;1/07/2017
452;NIDO INSTANTANEA 2200 G;NESTLE;7;2017;BODEGA;0;1/07/2017
453;NAN 1 360 G;NESTLE;7;2017;BODEGA;0;1/07/2017
454;PANADOL JARABE 60 ML;GLAXO;7;2017;CENDIS;1;1/07/2017
455;TYLEX 750 MG X 40 TAB;JANSSENG;7;2017;CENDIS;1;1/07/2017
456;NIZORAL SHAMPOO 100 ML;JANSSENG;7;2017;CENDIS;1;1/07/2017
457;JABON JHONSONG BABY VERDE;JHONSON;7;2017;CENDIS;1;1/07/2017
458;LUSTERINE ZERO 250 ML;JHONSON;7;2017;CENDIS;1;1/07/2017
459;EXFORGE 10/320 MG X 14 TAB;NOVARTIS;7;2017;CENDIS;1;1/07/2017
460;GALVUS MET 50/500 MG X 56 TAB;NOVARTIS;7;2017;CENDIS;1;1/07/2017
461;ALTRULINE 100 MG X 28 TAB;PFIZER;7;2017;CENDIS;1;1/07/2017
462;DESITIN CREAMY 57 G;PFIZER;7;2017;CENDIS;1;1/07/2017
463;MEDROL 4 MG X 30 TAB;PFIZER;7;2017;CENDIS;1;1/07/2017
464;FERRUM HAUSMAN X 30 TAB;VIFOR;7;2017;CENDIS;1;1/07/2017
465;CENTRUM X 100 TAB;WYETH;7;2017;CENDIS;1;1/07/2017
466;POSTAVIT FORTE X 10 AMPOLLAS;UNIDOS;7;2017;COIDE;0;1/07/2017
467;MAALOX X 50 TAB;SANOFI AVENTIS;7;2017;COIDE;5;1/07/2017
468;ALEVE X 36 TAB;BAYER;7;2017;COIDE;4;1/07/2017
469;DEXA VITANERVO AMPOLLA;PIERSAN;7;2017;COIDE;4;1/07/2017
470;MENTOK DAVID 7.09 G;DAVIS;7;2017;COIDE;1;1/07/2017
471;MENTOL DAVID 12 G;DAVIS;7;2017;COIDE;1;1/07/2017
472;IBUPROFENO JARABE 90 ML;FARMANDINA;7;2017;COIDE;1;1/07/2017
473;EMULSION SCOTT CEREZA 400 ML;GLAXO;7;2017;COIDE;1;1/07/2017
474;EZATOR 10/20 MG X 28 TAB;LAFRANCOl;7;2017;COIDE;1;1/07/2017
475;ACLAMED BID SUSPENSIÓN 70 ML;MEDPHARMA;7;2017;COIDE;1;1/07/2017
476;EQUAL X 2000 SOBRES;NUTRA SWEEET                            ;7;2017;COIDE;1;1/07/2017
477;METAMUCIL NARANJA 174 G;PROCTER;7;2017;COIDE;1;1/07/2017
478;VICK FRESS TABLETAS X 24;PROCTER;7;2017;COIDE;1;1/07/2017
479;DISSUALON 10/10 MG X 30 TAB;VIZCAINO;7;2017;COIDE;1;1/07/2017
480;ISOCRANEOL 200 MG X 30 TAB;VIZCAINO;7;2017;COIDE;1;1/07/2017
481;ALLERD JARABE 60 ML;HELOS;7;2017;HELOS/FARKOT;1;1/07/2017
482;NAN SIN LACTOSA 40 G;NESTLE;7;2017;COIDE;0;1/07/2017
483;CATAFLAM 50 MG X 50 TAB;NOVARTIS;7;2017;COLON;1;1/07/2017
484;EXFORGE HCT 10/320/25 MG X 28 TAB;NOVARTIS;7;2017;COLON;1;1/07/2017
485;EXFORGE HCT 10/160/12.5 MG X 14 TAB;NOVARTIS;7;2017;COLON;1;1/07/2017
486;EXFORGE HCT 10/320/25 MG X 14 TAB;NOVARTIS;7;2017;COLON;1;1/07/2017
487;RISPOLUX 1 MG X 20 TAB;SANDOZ;7;2017;COLON;1;1/07/2017
488;AEROVAN EXPEC JARABE 120 ML;DONOVAN;7;2017;DONOVAN;0;1/07/2017
489;GRIPETIN GRIOE Y TOS JARABE 120 ML;DONOVAN;7;2017;DONOVAN;0;1/07/2017
490;GRIPETIN MULTISINTOMAS JARABE 120 ML;DONOVAN;7;2017;DONOVAN;0;1/07/2017
491;MOMEMIST INFANTIL SPRAY NASAL 9 G;DONOVAN;7;2017;DONOVAN;0;1/07/2017
492;FANDORAL FORTE 75 MG X 40 TAB;HELTER;7;2017;EXCEL;0;1/07/2017
493;BENICAR SMLO 20/5 MG X 14 TAB;MENARINI;7;2017;FARMEN;0;1/07/2017
494;MENEPAROL X 10 AMP BEBI;MENARINI;7;2017;FARMEN;0;1/07/2017
495;PRILIGY 30 MG X 3 TAB;MENARINI;7;2017;FARMEN;0;1/07/2017
496;BRU COBAL X 40 TAB;FR MEDIKAL;7;2017;FR MEDIKAL;0;1/07/2017
497;PASINERVA JARABE 120 ML;INFASA;7;2017;INFASA;0;1/07/2017
498;MAALOX X 50 TAB;SANOFI AVENTIS;7;2017;JI COHEN;2;1/07/2017
499;VIMOVO 500/20 MG X 10 TAB;ASTRAZENECA;7;2017;JI COHEN;1;1/07/2017
500;NEXIUM 40 MG X 14 TAB;ASTRAZENECA;7;2017;JI COHEN;1;1/07/2017
501;PHARMATON MATRUELLE 30 CAP;BOHERINGER;7;2017;JI COHEN;1;1/07/2017
502;ASEPXIA JABON AZUFRE;GENOMALAB;7;2017;JI COHEN;1;1/07/2017
503;ASEPXIA JABON HERBAL;GENOMALAB;7;2017;JI COHEN;1;1/07/2017
504;ASEPXIA JABON NEUTRO;GENOMALAB;7;2017;JI COHEN;1;1/07/2017
505;TEATRICAL HUMECTANTE 200 G;GENOMALAB;7;2017;JI COHEN;1;1/07/2017
506;SINHUSTAN D SOL 100 ML;LANCASCO;7;2017;LANCASCO;0;1/07/2017
507;GYNOTRAN X 7 OVULOS;BAYER SCHERING;7;2017;LANQUETAN;1;1/07/2017
508;NATELE X 28 TAB;BAYER SCHERING;7;2017;LANQUETAN;1;1/07/2017
509;NEOMICINA DEXAMETASONA KLEIN COLIRIO 7.5 ML;KLEIN;7;2017;LANQUETAN;1;1/07/2017
510;FRISOLAC 2 900 G;PISA;7;2017;LANQUETAN;1;1/07/2017
511;MUSCORIL 4 MG X 6 AMP;SANOFI AVENTIS;7;2017;LANQUETAN;1;1/07/2017
512;TOPIMAX CREMA 10 G;SANOFI AVENTIS;7;2017;LANQUETAN;1;1/07/2017
513;COLMIBE 20/10 MG X 10 TAB;ASOFARMA;7;2017;LANQUETAN;0;1/07/2017
514;DOLO VARTALON X 30 SOBRES;ASOFARMA;7;2017;LANQUETAN;0;1/07/2017
515;IDENA 150 MG X 1 TAB;ASOFARMA;7;2017;LANQUETAN;0;1/07/2017
516;ILTUX 20 MG X 14 TAB;ASOFARMA;7;2017;LANQUETAN;0;1/07/2017
517;ILTUX 40 MG X 14 TAB;ASOFARMA;7;2017;LANQUETAN;0;1/07/2017
518;QUETIAZIC 100 MG X 30 TAB;ASOFARMA;7;2017;LANQUETAN;0;1/07/2017
519;GAMABENCENOPLUS SHAMPOO 60 ML;BUSSIE;7;2017;LANQUETAN;0;1/07/2017
520;MOXAR GOTAS 30 ML;BUSSIE;7;2017;LANQUETAN;0;1/07/2017
521;ENFAMIL 2 1200 G CAJA;MEAD JHONSON;7;2017;LANQUETAN;0;1/07/2017
522;ENFAMIL 1 1200 G CAJA;MEAD JHONSON;7;2017;LANQUETAN;0;1/07/2017
523;ENFAMIL CONFORT 400 G;MEAD JHONSON;7;2017;LANQUETAN;0;1/07/2017
524;ENFAMIL 1 900 G;MEAD JHONSON;7;2017;LANQUETAN;0;1/07/2017
525;DIABION X 30 TAB;MERCK;7;2017;LANQUETAN;0;1/07/2017
526;ISMIGRN 50 MG X 10 TAB;MERCK;7;2017;LANQUETAN;0;1/07/2017
527;JALRA M 50/1000 MG X 56 TAB;MERCK;7;2017;LANQUETAN;0;1/07/2017
528;ZIAC 10/6.25 MG X 30 TAB;MERCK;7;2017;LANQUETAN;0;1/07/2017
529;ZIAC 5/6.25 MG X 30 TAB;MERCK;7;2017;LANQUETAN;0;1/07/2017
530;PK MERZ X 30 TAB;MERZ;7;2017;LANQUETAN;0;1/07/2017
531;OLMETECALMO 20/5 MG X 28 TAB;MSD;7;2017;LANQUETAN;0;1/07/2017
532;QUADRIDERM CREMA 30 G;SCHERING PLOUG;7;2017;LANQUETAN;0;1/07/2017
533;CETOPIC CREMA 30 G;MEDIHEALTH;7;2017;LETERAGO;0;1/07/2017
534;VIROSUPRIL CREMA 5 G;MEDIHEALTH;7;2017;LETERAGO;0;1/07/2017
535;CO VAPRESAN 160 X 14 TAB;PANALAB;7;2017;LETERAGO;0;1/07/2017
536;LOGICAL 1 MG X 30 TAB;PANALAB;7;2017;LETERAGO;0;1/07/2017
537;LOGICAL 2 MG X 30 TAB;PANALAB;7;2017;LETERAGO;0;1/07/2017
538;EUKENE 20 MG X 30 TAB;ROEMMERS;7;2017;LETERAGO;0;1/07/2017
539;AMPLIRON VL H 5/160/12.5 MH X 30 TAB;ROEMMERS;7;2017;LETERAGO;0;1/07/2017
540;DOLOGINEX X 20 TAB;ROWE;7;2017;LETERAGO;0;1/07/2017
541;BETASALIC LOCION 30 ML;HEIDELG;7;2017;MERCAFARMA;2;1/07/2017
542;BIFUSIN CREMA 15 G;HEIDELG;7;2017;MERCAFARMA;2;1/07/2017
543;CANESTEN SPRAY 40 ML;BAYER;7;2017;MERCED;2;1/07/2017
544;CANESTEN SPRAY 40 ML;BAYER;7;2017;MERCED;2;1/07/2017
545;ALFER NASOL UNGÜENTO 5 G;ALFER;7;2017;MERCED;1;1/07/2017
546;CIRUELAX 150 G;GARDEN HOUSE;7;2017;MERCED;1;1/07/2017
547;MACROVITAM GOTAS 30 ML;PHARMALAT;7;2017;PHARMALAT;0;1/07/2017
548;MEGAPLEX X 50 TAB;PHARMALAT;7;2017;PHARMALAT;0;1/07/2017
549;TIAMINAL B12 X 30 CAP;SILANES;7;2017;RESCO;4;1/07/2017
550;LACTAFEM X 28 TAB;ABL;7;2017;RESCO;2;1/07/2017
551;MICOSTOP 250 MG X 14 TAB;ABL;7;2017;RESCO;2;1/07/2017
552;PREGALEX 150 MG X 30 TAB;ABL;7;2017;RESCO;2;1/07/2017
553;PRETIFEN X 30 TAB;UNIPHARM;7;2017;RESCO;2;1/07/2017
554;NEUPAX +FLUOXETINA 20 MG X30 TAB;BAGO;7;2017;RESCO;0;1/07/2017
555;ATORVASTATINA CALOX 20 MG X 30 TAB;CALOX;7;2017;RESCO;0;1/07/2017
556;ESOMEPRAZOL CALOX 40 MG X 14 TAB;CALOX;7;2017;RESCO;0;1/07/2017
557;GYNOX S CREMA 50 G;RODIM;7;2017;RODIM;0;1/07/2017
558;OFF DEEP WOODS SPRAY 6 OZ;JHONSON;7;2017;VARIOS;0;1/07/2017
559;TE PRESION ALTA;VIDA;7;2017;VARIOS;0;1/07/2017
560;MOXILIN BID X 14 TAB;PEDLINE;7;2017;WELLCO;0;1/07/2017
561;ACICLOVIR 800 MG X 10 TAB;GENFAR;8;2017;AMERICANA;1;1/08/2017
562;BETOPTIC S COLIRIO 5 ML.;ALCON;8;2017;AMICELCO;1;1/08/2017
563;SYSTANE COLIRIO 15 ML;ALCON;8;2017;AMICELCO;1;1/08/2017
564;SYSTANE ULTRA COLIRIO 10 ML;ALCON;8;2017;AMICELCO;1;1/08/2017
565;VIGAMOX COLIRIO 5 ML;ALCON ;8;2017;AMICELCO;1;1/08/2017
566;SYSTRAL CREMA 20;ASTA MEDICA;8;2017;AMICELCO;1;1/08/2017
567;OVOL GOTAS 30 ML;CHURCH & TWIN;8;2017;AMICELCO;1;1/08/2017
568;AURATION CR 400 MG X 20 TAB;EUROFARMA;8;2017;AMICELCO;1;1/08/2017
569;REGUTOL 10 MG X 30 TAB;LAPRIN;8;2017;AMICELCO;1;1/08/2017
570;ENALAPRIL MK 20 MG X 30 TAB;MK;8;2017;AMICELCO;1;1/08/2017
571;ISOPRINOSINE 500 MG X 20 TAB;NEWPORT;8;2017;AMICELCO;1;1/08/2017
572;MELOXICAM 7.5 MG X 10 TAB;FARMANDINA;8;2017;BECOFARMA;0;1/08/2017
573;ALENDRONATO 70 MG X 4 TAB;FARMANDINA;8;2017;BECOFARMA;0;1/08/2017
574;FEROGLOBIN SUSP 200 ML;VITABIOTICS;8;2017;BODEGA;3;1/08/2017
575;EJEMPLAR SUSP 100 ML;JR;8;2017;BODEGA;1;1/08/2017
576;DIGOXINA X 30 TAB;CHILE;8;2017;BODEGA;0;1/08/2017
577;JALRA M 50/850 MG X 56 TAB;MERCK;8;2017;BODEGA;0;1/08/2017
578;NESTUM 5 CEREALES 200 G;NESTLE;8;2017;BODEGA;0;1/08/2017
579;NAN 1 360 G;NESTLE;8;2017;BODEGA;0;1/08/2017
580;NAN 3 2000 G;NESTLE;8;2017;BODEGA;0;1/08/2017
581;PONDS REJUVENESS 100 G;PONDS;8;2017;BODEGA;0;1/08/2017
582;VITA ASTENIAVIT X 10 AMPOLLAS;LOPEZ;8;2017;CDI;0;1/08/2017
583;LANSOPEP 30 MG X 14 TAB;PROCAPS;8;2017;CDI;0;1/08/2017
584;REFRESH LIWUIGEL 15 ML;ALLERGAN;8;2017;CENDIS;1;1/08/2017
585;AUGMENTIN ES 600 MG SUSP 100 ML;GLAXO;8;2017;CENDIS;1;1/08/2017
586;FLIXOTIDE INHALADOR 250 MCG 120 DOSIS;GLAXO;8;2017;CENDIS;1;1/08/2017
587;NIZORAL SHAMPOO 100 ML;JANSSENG;8;2017;CENDIS;1;1/08/2017
588;SPORASEC X 12 TAB;JANSSENG;8;2017;CENDIS;1;1/08/2017
589;SUFREXAL GEL VAGINAL 78 G;JANSSENG;8;2017;CENDIS;1;1/08/2017
590;SHAMPOO JHONSON MANZANILLA 750 ML;JHONSON;8;2017;CENDIS;1;1/08/2017
591;CIALIS 20 MG X 1 TAB;LILLY;8;2017;CENDIS;1;1/08/2017
592;CIALIS 20 MG X 2 TAB;LILLY;8;2017;CENDIS;1;1/08/2017
593;GALVUS MET 50/850 MG X 56 TAB;NOVARTIS;8;2017;CENDIS;1;1/08/2017
594;DILANTIN X 100 TAB;PFIZER;8;2017;CENDIS;1;1/08/2017
595;NEURONTIN 300 MG X 30 TAB;PFIZER;8;2017;CENDIS;1;1/08/2017
596;DETRUSITOL 2 MG X 28 TAB;PFIZER;8;2017;CENDIS;1;1/08/2017
597;PONSTAN 500 MG X 100 TAB;PFIZER;8;2017;CENDIS;1;1/08/2017
598;CENTRUM SILVER X 100 TAB;WYETH;8;2017;CENDIS;1;1/08/2017
599;DOLOFEBRYL X 100 TAB;CHEMILCO;8;2017;CHEMILCO;0;1/08/2017
600;ASPIRINA NIÑOS X 100 TAB;BAYER;8;2017;COIDE;4;1/08/2017
601;CAFIASPIRINA X 36 TAB;BAYER;8;2017;COIDE;4;1/08/2017
602;SCUDO ORO NATURAL;ABL;8;2017;COIDE;2;1/08/2017
603;COFAL ORIGINAL TARRO 120 G;GLAXO;8;2017;COIDE;1;1/08/2017
604;DIAMENIL G 100/ 4 MG X 15 TAB;GLOBALPHARMA;8;2017;COIDE;1;1/08/2017
605;DIAMENIL G 100/ 4 MG X 30 TAB;GLOBALPHARMA;8;2017;COIDE;1;1/08/2017
606;BRODICEK X 2 AMPOLLAS;FARKOT;8;2017;HELOS/FARKOT;1;1/08/2017
607;AUTAN X 10 ESPIRALES;JHONSON;8;2017;COIDE;1;1/08/2017
608;STAYFREE ULTRA DELGADA X 10 TOALLITAS;JHONSON;8;2017;COIDE;1;1/08/2017
609;GABEX 300 MG X 30 TAB;MED PHARMA;8;2017;COIDE;1;1/08/2017
610;VIVE MAS SENSITIVO;PASMO;8;2017;COIDE;1;1/08/2017
611;VITAPYRENA X 50 SOBRES;PROCTER;8;2017;COIDE;1;1/08/2017
612;NESTOGENO 1 400 ;NESTLE;8;2017;COIDE;0;1/08/2017
613;NAN 2 400 G;NESTLE;8;2017;COIDE;0;1/08/2017
614;NAN 1 400 G;NESTLE;8;2017;COIDE;0;1/08/2017
615;NAN HA 400 G;NESTLE;8;2017;COIDE;0;1/08/2017
616;NIDO CRECIMIENTO 800 G;NESTLE;8;2017;COIDE;0;1/08/2017
617;COLBER 10 MG X 30 TAB;UNIPHARM;8;2017;COLON;2;1/08/2017
618;COLBER 10/6.25 MG X 30 TAB;UNIPHARM;8;2017;COLON;2;1/08/2017
619;CO DIOVAN 160/12.5 MG X 14 TAB;NOVARTIS;8;2017;COLON;1;1/08/2017
620;ACTERIC 150 MG X 7 TAB;NOVARTIS;8;2017;COLON;1;1/08/2017
621;GALVUS MET 50/500 MG X 56 TAB;NOVARTIS;8;2017;COLON;1;1/08/2017
622;ASMARA 400 MG X 20 TAB;DOGMA;8;2017;COLON;1;1/08/2017
623;DICLOMEP AMPOLLA;CONAMEP;8;2017;CONAMEP;0;1/08/2017
624;DETIUS X 10 TAB;FARMEX;8;2017;DIFPER;1;1/08/2017
625;CARBOTUSSIN JARABE 120 ML;DISORGA;8;2017;DISORGA;3;1/08/2017
626;SITAVAN M 50/1000 MG X 30 TAB;DONOVAN;8;2017;DONOVAN;0;1/08/2017
627;SITAVAN M 50/1000 MG X 60 TAB;DONOVAN;8;2017;DONOVAN;0;1/08/2017
628;ANANERV ALL 25000 AMPO;FARBLES;8;2017;FARBLES;2;1/08/2017
629;GAMATRIN SUSP 100 ML;GAMAPHARM;8;2017;GAMAPHARM;0;1/08/2017
630;MIDERM V 3 CREMA VAGINAL 20 G;INFASA;8;2017;INFASA;0;1/08/2017
631;CYSBIOTIC X 30 TAB;ORGANIKA;8;2017;INVERSIONES SHALOM;2;1/08/2017
632;CALCIGENOL DOBLE SUSP 90 ML;SANOFI AVENTIS;8;2017;JI COHEN;2;1/08/2017
633;GLUCERNA SR LIQUIDA 8 OZ;ABBOTT;8;2017;JI COHEN;1;1/08/2017
634;DAYAMINERAL DUO JARABE 240 ML;ABBOTT;8;2017;JI COHEN;1;1/08/2017
635;ENSURE ADVANCE LIQUUDO 8 OZ;ABBOTT;8;2017;JI COHEN;1;1/08/2017
636;ENSURE NG CHOCOLATE 400 G;ABBOTT;8;2017;JI COHEN;1;1/08/2017
637;ENSURE VAINILLA 8 OZ;ABBOTT;8;2017;JI COHEN;1;1/08/2017
638;NEXIUM 20 MG X 14 TAB;ASTRAZENECA;8;2017;JI COHEN;1;1/08/2017
639;GERIATRIC PHARMATON X 100 TAB;BOEHRINGER                              ;8;2017;JI COHEN;1;1/08/2017
640;PHARMATON VITALITY X 90 TAB;BOEHRINGER                              ;8;2017;JI COHEN;1;1/08/2017
641;ASEPXIA SPOT GEL 28 G;GENOMALAB;8;2017;JI COHEN;1;1/08/2017
642;ASEPXIA JABON FORTE;GENOMALAB;8;2017;JI COHEN;1;1/08/2017
643;GOICOECHEA ANTI CELULITIS 400 ML;GENOMALAB;8;2017;JI COHEN;1;1/08/2017
644;QG5 X 30 TAB;GENOMALAB;8;2017;JI COHEN;1;1/08/2017
645;TEATRICARIA ULTRA ALCARADORA 200 G.;GENOMALAB;8;2017;JI COHEN;1;1/08/2017
646;TIO NACHO HERBAL SHAMPOO 415 ML;GENOMALAB;8;2017;JI COHEN;1;1/08/2017
647;JANUVIA 100 MG X 14 TAB;MSD;8;2017;JI COHEN;1;1/08/2017
648;NURSOY 900 G;WYETH;8;2017;JI COHEN;1;1/08/2017
649;FRISOLAC 1 900 G;PISA;8;2017;LANQUETAN;1;1/08/2017
650;LANTUS 100 UI AMPO 10 ML;SANOFI AVENTIS;8;2017;LANQUETAN;1;1/08/2017
651;APIDRA SOLOSTAR ;SANOFI AVENTIS;8;2017;LANQUETAN;1;1/08/2017
652;AMARYL 4 MG X 15 TAB;SANOFI AVENTIS;8;2017;LANQUETAN;1;1/08/2017
653;CO APROVEL 300/12.5 MG X 14 TAB;SANOFI AVENTIS;8;2017;LANQUETAN;1;1/08/2017
654;ENTEROGERMINA X 10 AMP;SANOFI AVENTIS;8;2017;LANQUETAN;1;1/08/2017
655;GELICART X 30 SOBRES;SANOFI AVENTIS;8;2017;LANQUETAN;1;1/08/2017
656;LASILACTON X 20 TAB;SANOFI AVENTIS;8;2017;LANQUETAN;1;1/08/2017
657;OMIFIN 50 MG X 30 TAB;SANOFI AVENTIS;8;2017;LANQUETAN;1;1/08/2017
658;TRENTAL 400 MG X 100 TAB;SANOFI AVENTIS;8;2017;LANQUETAN;1;1/08/2017
659;DOLGENAL RAPID 10 MG X 10 TAB;ASOFARMA;8;2017;LANQUETAN;0;1/08/2017
660;DOSIER 5 MG X 30 TAB;ASOFARMA;8;2017;LANQUETAN;0;1/08/2017
661;DOLOVARTALON X 30 SOBRES;ASOFARMA;8;2017;LANQUETAN;0;1/08/2017
662;FABRIS 50 MG X 30 TAB;ASOFARMA;8;2017;LANQUETAN;0;1/08/2017
663;GABICTAL 300 MG X 30 TAB;ASOFARMA;8;2017;LANQUETAN;0;1/08/2017
664;NABRATIN 75 MG X 15 TAB;ASOFARMA;8;2017;LANQUETAN;0;1/08/2017
665;METOTREXATO 2.5 MG X 20 TAB;ASOFARMA;8;2017;LANQUETAN;0;1/08/2017
666;PREBICTAL 75 MG X 28 TAB;ASOFARMA;8;2017;LANQUETAN;0;1/08/2017
667;TOPICTAL 100 MG X 28 TAB;ASOFARMA;8;2017;LANQUETAN;0;1/08/2017
668;NATELE X 28 TAB;BAYER / SCHERING;8;2017;LANQUETAN;0;1/08/2017
669;MICARDIS DUO 80/5 MG X 28 TAB;BOEHRINGER                              ;8;2017;LANQUETAN;0;1/08/2017
670;ENFAMIL 1 400 G;MEAD JHONSON;8;2017;LANQUETAN;0;1/08/2017
671;ENFAMIL 1 900 G;MEAD JHONSON;8;2017;LANQUETAN;0;1/08/2017
672;ENFAMIL 2 900 G;MEAD JHONSON;8;2017;LANQUETAN;0;1/08/2017
673;ENFAGROW 3 400 G;MEAD JHONSON;8;2017;LANQUETAN;0;1/08/2017
674;ENFAGROW 3 900 G;MEAD JHONSON;8;2017;LANQUETAN;0;1/08/2017
675;ENFAGROW 3 VAINILLA 900 G;MEAD JHONSON;8;2017;LANQUETAN;0;1/08/2017
676;EUTIROX 125 MG X 50 TAB;MERCK;8;2017;LANQUETAN;0;1/08/2017
677;CONCOR 2.5 MG X 30 TAB;MERCK;8;2017;LANQUETAN;0;1/08/2017
678;DOLO NEUROBION DC AMPOLLA;MERCK;8;2017;LANQUETAN;0;1/08/2017
679;DOMATRA PLUS X 10 TAB;MERCK;8;2017;LANQUETAN;0;1/08/2017
680;GLISULIN XR 1000 MG X 30 TAB;MERCK;8;2017;LANQUETAN;0;1/08/2017
681;JALRA M 50/850 MG X 56 TAB;MERCK;8;2017;LANQUETAN;0;1/08/2017
682;MINART PLUS 16/12.5 MG X 14 TAB;MERCK;8;2017;LANQUETAN;0;1/08/2017
683;ULCOGANT SUSP 200 ML;MERCK;8;2017;LANQUETAN;0;1/08/2017
684;AFRIN LUB ADULTO SPRAY 20 ML;SCHERING PLOUG;8;2017;LANQUETAN;0;1/08/2017
685;BETAGRANOS CREMA 60 G;MEDIHEALTH;8;2017;LETERAGO;0;1/08/2017
686;MELORMIN 850 MG X 30 TAB;PANALAB;8;2017;LETERAGO;0;1/08/2017
687;CORENTEL H 5/6.25 MG X 30 TAB;ROEMMERS;8;2017;LETERAGO;0;1/08/2017
688;CONVERTAL D 100 MG X 30 TAB;ROEMMERS;8;2017;LETERAGO;0;1/08/2017
689;SERTAL FORTR X 20 TAB;ROEMMERS;8;2017;LETERAGO;0;1/08/2017
690;LABRIXILE 1 MG X 30 TAB;ROEMMERS;8;2017;LETERAGO;0;1/08/2017
691;LIPARON 10 MG X 30 TAB;ROWE;8;2017;LETERAGO;0;1/08/2017
692;LACTOSI X 20 TAB;HEIDELG;8;2017;MERCAFARMA;2;1/08/2017
693;LEVOLONA 750 MG X 5 TAB;QUALIPHARM;8;2017;MERCED;4;1/08/2017
694;CANESTEN EXTRA CREMA 15 G;BAYER;8;2017;MERCED;2;1/08/2017
695;PEDIALYTE MANZANA 60;ABBOTT;8;2017;MERCED;1;1/08/2017
696;BACTEVAL SUSPENSIÓN 120 ML;NIELSEN;8;2017;NIELSEN;3;1/08/2017
697;TE LIPTON ROSA JAMAICA;LIPTON;8;2017;OASIS;0;1/08/2017
698;ENZIDEL X 30 TAB;PHARMADEL;8;2017;PHARMADEL;0;1/08/2017
699;MEGABION 25000 AMPOLLA;PHARMALAT;8;2017;PHARMALAT;0;1/08/2017
700;TRIAGIL 250 MG SUSPENSIÓN 120 ML;SPRUYT GIHLEM;8;2017;SPRUYT GIHLEM;0;1/08/2017
701;SIL NORBORAL 5/500 MG X 40 TAB;SILANES;8;2017;RESCO;4;1/08/2017
702;ESTRANOVA E X 30 TAB;ABL;8;2017;RESCO;2;1/08/2017
703;LIBERT 0.4 MG X 30 TAB;UNIPHARM;8;2017;RESCO;2;1/08/2017
704;COLBER H 5/6.25 MG X 30 TAB;UNIPHARM;8;2017;RESCO;2;1/08/2017
705;COLBER H 2.5/6.25 MG X 30 TAB;UNIPHARM;8;2017;RESCO;2;1/08/2017
706;COLBER 10 MG X 30 TAB;UNIPHARM;8;2017;RESCO;2;1/08/2017
707;BISOPROLOL HCT CALOX 5/6.25 MG X 30 TAB;CALOX;8;2017;RESCO;0;1/08/2017
708;DRYSKIN SOLUCION TOPICA 60 ML;CANEHAN;8;2017;WELLCO;0;1/08/2017
709;HIDROCLOROTIAZIDA GENFAR 50 MG X 30 TAB;GENFAR;9;2017;AMERICANA;1;1/09/2017
710;KETOCONAZOK CREMA 30 G;GENFAR;9;2017;AMERICANA;1;1/09/2017
711;VALSARTAN 80 MG X 14 TAB;GENFAR;9;2017;AMERICANA;1;1/09/2017
712;VERAPAMILO 80 MG X 50 TAB;GENFAR;9;2017;AMERICANA;1;1/09/2017
713;OPTIFREE REPLENISH 3000 ML;ALCON;9;2017;AMICELCO;1;1/09/2017
714;VAGIZOL X 25 SOBRES;ARSAL;9;2017;AMICELCO;1;1/09/2017
715;CLOPRIM X 40 TAB;ARSAL;9;2017;AMICELCO;1;1/09/2017
716;LEGOFER X 20 VIALES;ASTA MEDICA;9;2017;AMICELCO;1;1/09/2017
717;PRELINE 20 MG X 10 TAB;ASTA MEDICA;9;2017;AMICELCO;1;1/09/2017
718;PRELINE 5 MG X 20 TAB;ASTA MEDICA;9;2017;AMICELCO;1;1/09/2017
719;MUCOSOLVAN COMO SUSP 120 ML;BOEHRINGER                              ;9;2017;AMICELCO;1;1/09/2017
720;PHARMATON VITALITY X 30 TAB;BOEHRINGER                              ;9;2017;AMICELCO;1;1/09/2017
721;DANIELE X 21 TAB;DALT PHARMA;9;2017;AMICELCO;1;1/09/2017
722;CONECT 20 MG X 30 TAB;EUROFARMA;9;2017;AMICELCO;1;1/09/2017
723;GASTROFLUX SUSP 100 ML;EUROFARMA;9;2017;AMICELCO;1;1/09/2017
724;VALNAT X 30 TAB;ICA;9;2017;AMICELCO;1;1/09/2017
725;ALPRAZOLAM 0.5 MG X 30 TAB;MK;9;2017;AMICELCO;1;1/09/2017
726;AMLODIPINO MK 5 MG X 30 TAB;MK;9;2017;AMICELCO;1;1/09/2017
727;AZITROMICINA MK 600 MG SUSP 15 ML;MK;9;2017;AMICELCO;1;1/09/2017
728;LADY SOEED STICK ACLARADO PERFECTO 45 G;PALMOLIVE;9;2017;AMICELCO;1;1/09/2017
729;TRUSOMIDA COLIRIO 5 ML;LANSIER;9;2017;BODEGA;3;1/09/2017
730;DIABETONE X 30 TAB;VITABIOTICS;9;2017;BODEGA;3;1/09/2017
731;WELLWOMAN X 30 TAB;VITABIOTICS;9;2017;BODEGA;3;1/09/2017
732;DOLO HEAD AMPOLLA;JR;9;2017;BODEGA;1;1/09/2017
733;NITAMAX SUSP 60 ML;JR;9;2017;BODEGA;1;1/09/2017
734;NAKURA X 10 TAB;DOGMA;9;2017;BODEGA;1;1/09/2017
735;GRIFOCIPROX 500 MG X 20 TAB;CHILE;9;2017;BODEGA;0;1/09/2017
736;VALAPLEX D 160/12.5 X 30 TAB;CHILE;9;2017;BODEGA;0;1/09/2017
737;BEDOYECTA TRI X 5 AMP;GROSSMAN;9;2017;BODEGA;0;1/09/2017
738;DOLO BEDOYECTA AMPOLLA;GROSSMAN;9;2017;BODEGA;0;1/09/2017
739;SENNAX X 10 TAB;GRUPO FARMA;9;2017;BODEGA;0;1/09/2017
740;NESTUM AVENA 200 G;NESTLE;9;2017;BODEGA;0;1/09/2017
741;NAN 1 350 G;NESTLE;9;2017;BODEGA;0;1/09/2017
742;NAN 3 2200 G;NESTLE;9;2017;BODEGA;0;1/09/2017
743;BERIFEN GEL 20 G;ACINO SWITZERLAND;9;2017;BODEGA;1;1/09/2017
744;UNABEL CREMA;CAPLIN POINT;9;2017;CAPLIN POINT;0;1/09/2017
745;BETADUO AMP 1 ML;PROCAPS;9;2017;CDI;0;1/09/2017
746;ATACAND 16 MG X 14 TAB;ASTRAZENECA;9;2017;CENDIS;1;1/09/2017
747;PLENDIL 10 MG X 30 TAB;ASTRAZENECA;9;2017;CENDIS;1;1/09/2017
748;DERMOVATE UNGUENTO 30 G;GLAXO;9;2017;CENDIS;1;1/09/2017
749;PAXIL CR 25 MG X 30 TAB;GLAXO;9;2017;CENDIS;1;1/09/2017
750;AMOEBRIZ 60/20 MG SUSP 10 ML;JANSSENG;9;2017;CENDIS;1;1/09/2017
751;LOCION ANTI MOSQUITOS 100 ML;JHONSON;9;2017;CENDIS;1;1/09/2017
752;ZYPREXA 5 MG X 14 TAB;LILLY;9;2017;CENDIS;1;1/09/2017
753;HUMULIN R AMP 10 ML;LILLY;9;2017;CENDIS;1;1/09/2017
754;CATAFLAM 50 MG X 50 TAB;NOVARTIS;9;2017;CENDIS;1;1/09/2017
755;CELEBRA 200 MG X 10 TAB;PFIZER;9;2017;CENDIS;1;1/09/2017
756;OVESTIN X 15 OVULOS;SCHERING PLOUG;9;2017;CENDIS;1;1/09/2017
757;CENTRUM X 100 TAB;WYETH;9;2017;CENDIS;1;1/09/2017
758;CENTRUM X 30 TAB;WYETH;9;2017;CENDIS;1;1/09/2017
759;TABCIN ADULTO X 72 TAB;BAYER;9;2017;COIDE;4;1/09/2017
760;TABCIN DIA GEL X 60 TAB;BAYER;9;2017;COIDE;4;1/09/2017
761;CUAJO MARSCHALL X 100 TAB;SANOFI AVENTIS;9;2017;COIDE;2;1/09/2017
762;GESTEIRA JARABE 120 ML;GESTEIRA;9;2017;COIDE;1;1/09/2017
763;PREDNABENE 20 MG X 10 TAB;GLOBALPHARMA;9;2017;COIDE;1;1/09/2017
764;VASSLUTEN 300 MG X 30 TAB;GLOBALPHARMA;9;2017;COIDE;1;1/09/2017
765;VASSLUTEN H 300/12.5 MG X 15 TAB;GLOBALPHARMA;9;2017;COIDE;1;1/09/2017
766;DEKA C X 1 AMPOLLA;FARKOT;9;2017;HELOS/FARKOT;1;1/09/2017
767;APOSITOS PARA CALLOS X 6 UNIDADES;HANSAPLAST;9;2017;COIDE;1;1/09/2017
768;HILO DENTAL JHONSON;JHONSON;9;2017;COIDE;1;1/09/2017
769;ENSOY TOTAL VAINILKA 400 G;LAFRANCOL;9;2017;COIDE;1;1/09/2017
770;HONEY VIT JARABE 200 ML;LEVEN;9;2017;COIDE;1;1/09/2017
771;COL LESS 40 MG X 20 TAB;MED PHARMA;9;2017;COIDE;1;1/09/2017
772;FEQ PRENATAL X 30 TAB;MED PHARMA;9;2017;COIDE;1;1/09/2017
773;VICK MIEL JARABE 120 ML;PROCTER;9;2017;COIDE;1;1/09/2017
774;DISSUALON 10 / 10 MG X 30 TAB;VIZCAINO;9;2017;COIDE;1;1/09/2017
775;HUGGIES X 16 TOALLITAS;KIMBERLY CLARK;9;2017;COIDE;0;1/09/2017
776;HUGGIES NAT CARE CAJA 64 TOALLITAS;KIMBERLY CLARK;9;2017;COIDE;0;1/09/2017
777;NESTOGENO 2 400 G;NESTLE;9;2017;COIDE;0;1/09/2017
778;NAN 2 1100 G;NESTLE;9;2017;COIDE;0;1/09/2017
779;NAN 1 1100 G;NESTLE;9;2017;COIDE;0;1/09/2017
780;MEDOX ABC JARABE 240 ML.;UNIPHARM;9;2017;COLON;2;1/09/2017
781;SIRDALUD 4 MG X 30 TAB;NOVARTIS;9;2017;COLON;1;1/09/2017
782;SOPHIXIN DX COLIRIO 5 ML;SOPHIA;9;2017;COLON;1;1/09/2017
783;KRUP KORIN GOTAS 30 ML;DONOVAN;9;2017;DONOVAN;0;1/09/2017
784;MINERAVIT COMPLEX JARABE 240 ML;DONOVAN;9;2017;DONOVAN;0;1/09/2017
785;TAXANID 500 MG X 6 TAB;DONOVAN;9;2017;DONOVAN;0;1/09/2017
786;KRALBAC BID X 14 TAB;KRAL;9;2017;DONOVAN;0;1/09/2017
787;BADYKET 2500 AMP;MENARINI;9;2017;FARMEN;0;1/09/2017
788;MENTIS X 24 TAB;MENARINI;9;2017;FARMEN;0;1/09/2017
789;RUPAX SOLUCION 120 ML;MENARINI;9;2017;FARMEN;0;1/09/2017
790;CARBIDUO 10/20 MG X 28 TAB;MENARINI;9;2017;FARMEN;0;1/09/2017
791;ESOGASTRIC 10 MG X 15 SOBRES;INFASA;9;2017;INFASA;0;1/09/2017
792;SCI 40 MG X 20 TAB;INFASA;9;2017;INFASA;0;1/09/2017
793;FLOXALEV 500 MG X 10 TAB;INFASA;9;2017;INFASA;0;1/09/2017
794;DOLOSED PLUS X 100 TAB;INPROFAR;9;2017;INPROFAR;0;1/09/2017
795;ACCU CHEK PERFOMA X 50 TIRAS;ROCHE;9;2017;JI COHEN;2;1/09/2017
796;GLUCERNA VAINILLA 8 OZ;ABBOTT;9;2017;JI COHEN;1;1/09/2017
797;FORXIGA 10 MG X 30 TAB;ASTRAZENECA;9;2017;JI COHEN;1;1/09/2017
798;MUCOSOLVAN COMPOSITUM SOL 120 ML;BOEHRINGER;9;2017;JI COHEN;1;1/09/2017
799;ASEPXIA JABON EXFOLIENTE;GENOMALAB;9;2017;JI COHEN;1;1/09/2017
800;ASEPXIA X 30 TAB;GENOMALAB;9;2017;JI COHEN;1;1/09/2017
801;GOICOECHEA ARNICA 400 ML;GENOMALAB;9;2017;JI COHEN;1;1/09/2017
802;GOICOECHEA REAFIRMANTE 400 ML;GENOMALAB;9;2017;JI COHEN;1;1/09/2017
803;ALGILASA KID SUSP 150 ML;GRUPO FARMA;9;2017;JI COHEN;1;1/09/2017
804;JANUMET 50/500 MG X 56 TAB;MSD;9;2017;JI COHEN;1;1/09/2017
805;JANUVIA 100 MG X 14 TAB;MSD;9;2017;JI COHEN;1;1/09/2017
806;SMA SIN LACTOSA 400 G;WYETH;9;2017;JI COHEN;1;1/09/2017
807;ZEPOL UNGUENTO 60 G;ZEPOL;9;2017;JI COHEN;1;1/09/2017
808;AVENA MIX FRESA 500 G;LAFIMARQ;9;2017;LAFIMARQ;0;1/09/2017
809;CLARIBAC 500 MG X 10 TAB;LANCASCO;9;2017;LANCASCO;0;1/09/2017
810;PRADAXA 110 MG X 30 TAB;BOEHRINGER                              ;9;2017;LANQUETAN;1;1/09/2017
811;HIDRAVIDA PEDIATRICO FRESA 500 ML;PISA;9;2017;LANQUETAN;1;1/09/2017
812;APIDRA AMP 3 ML;SANOFI AVENTIS;9;2017;LANQUETAN;1;1/09/2017
813;INSUMAN 100 UI AMP 5 ML;SANOFI AVENTIS;9;2017;LANQUETAN;1;1/09/2017
814;AMARYL M 4/1000 MG X 16 TAB;SANOFI AVENTIS;9;2017;LANQUETAN;1;1/09/2017
815;MUSCORIL 8 MG X 10 TAB;SANOFI AVENTIS;9;2017;LANQUETAN;1;1/09/2017
816;CLINFOL DUO X 7 CAPSULAS;ASOFARMA;9;2017;LANQUETAN;0;1/09/2017
817;DOLOVARTALON X 15 SOBRES;ASOFARMA;9;2017;LANQUETAN;0;1/09/2017
818;EUTEBROL 10 MG X 30 TAB;ASOFARMA;9;2017;LANQUETAN;0;1/09/2017
819;CLINFOL 100 MG X 7 CAPSULAS;ASOFARMA;9;2017;LANQUETAN;0;1/09/2017
820;ILTUX HCT 40/12.5 MG X 14 TAB;ASOFARMA;9;2017;LANQUETAN;0;1/09/2017
821;NABRATIN 75 MG X 15 TAB;ASOFARMA;9;2017;LANQUETAN;0;1/09/2017
822;TAMSULON X 30 TAB;ASOFARMA;9;2017;LANQUETAN;0;1/09/2017
823;ZOLTUM 20 MG X 14 TAB;ASOFARMA;9;2017;LANQUETAN;0;1/09/2017
824;MOBICOX 15 MG X 10 TAB;BOEHRINGER                              ;9;2017;LANQUETAN;0;1/09/2017
825;SULFAPLATA CRENA 60 G;BUSSIE;9;2017;LANQUETAN;0;1/09/2017
826;DYNAMOGEN X 20 AMPOLLAS BEB;FAES;9;2017;LANQUETAN;0;1/09/2017
827;TRINOMIA 100/40/10 MG X 28 TAB;FERRER;9;2017;LANQUETAN;0;1/09/2017
828;TRINOMIA 100/40/5 MG X 28 TAB;FERRER;9;2017;LANQUETAN;0;1/09/2017
829;ENFAMIL 1 400 G;MEAD JHONSON;9;2017;LANQUETAN;0;1/09/2017
830;ENFAMIL 1 1200 G;MEAD JHONSON;9;2017;LANQUETAN;0;1/09/2017
831;ENFAMIL 2 400 G;MEAD JHONSON;9;2017;LANQUETAN;0;1/09/2017
832;ENFAGROW 3 VAINILLA 1200 G;MEAD JHONSON;9;2017;LANQUETAN;0;1/09/2017
833;CETIMER JARABE 60 ML;MERCK;9;2017;LANQUETAN;0;1/09/2017
834;DEXA NEUROBION DC AMPOLLA;MERCK;9;2017;LANQUETAN;0;1/09/2017
835;DOLO NEUROBION DC AMPOLLA;MERCK;9;2017;LANQUETAN;0;1/09/2017
836;EUTIROX 25 MG X 50 TAB;MERCK;9;2017;LANQUETAN;0;1/09/2017
837;EUTIROX 50 MG X 50 TAB;MERCK;9;2017;LANQUETAN;0;1/09/2017
838;EUTIROX 100 MG X 50 TAB;MERCK;9;2017;LANQUETAN;0;1/09/2017
839;GLISULIN 1000 MG X 30 TAB;MERCK;9;2017;LANQUETAN;0;1/09/2017
840;GLISULIN 500 MG X 30 TAB;MERCK;9;2017;LANQUETAN;0;1/09/2017
841;GLISULIN 850 MG X 30 TAB;MERCK;9;2017;LANQUETAN;0;1/09/2017
842;NEUROBION DC 10000;MERCK;9;2017;LANQUETAN;0;1/09/2017
843;ULCOGANT SUSP 200 ML;MERCK;9;2017;LANQUETAN;0;1/09/2017
844;CO RENITEC 20/12.5 MG X 30 TAB;MSD;9;2017;LANQUETAN;0;1/09/2017
845;OLMETECALMO 40/5 MG X 28 TAB;MSD;9;2017;LANQUETAN;0;1/09/2017
846;SENEMET 25/250 MG X 30 TAB;MSD;9;2017;LANQUETAN;0;1/09/2017
847;PROVERA 10 MG X 10 TAB;PFIZER;9;2017;LANQUETAN;0;1/09/2017
848;LACEROL 60 MG X 30 TAB;LACER;9;2017;LETERAGO;0;1/09/2017
849;OXA 75 SR X 100 TAB;PANALAB;9;2017;LETERAGO;0;1/09/2017
850;CORENTEL 10 MG X 20 TAB;ROEMMERS;9;2017;LETERAGO;0;1/09/2017
851;DICLO K X 100 TAB;ROWE;9;2017;LETERAGO;0;1/09/2017
852;BETA DIPIN X 30 TAB;ROWE;9;2017;LETERAGO;0;1/09/2017
853;ALBOTHYL GEL 50 G;TAKEDA;9;2017;LETERAGO;0;1/09/2017
854;BALTIDERM CREMA 20 G;MEDIZEL;9;2017;MEDIZEL;2;1/09/2017
855;UNOCEF 400 MG X 8 TSB;ATRALCIPAN;9;2017;MERCAFARMA;2;1/09/2017
856;UNOCEF SUSO 60 ML;ATRALCIPAN;9;2017;MERCAFARMA;2;1/09/2017
857;SEBAMED CLEAR FACE COLOR PIEL 10 ML;BAYER;9;2017;MERCED;2;1/09/2017
858;SIMILAC ANTIREFLUJO 1 375 G;ABBOTT;9;2017;MERCED;1;1/09/2017
859;MEDOX ABC JARABE 120 ML;UNIPHARM;9;2017;RESCO;2;1/09/2017
860;MEDOX ABC JARABE 240 ML;UNIPHARM;9;2017;RESCO;2;1/09/2017
861;UNICIL INFANTIL AMPOLLA;UNIPHARM;9;2017;RESCO;2;1/09/2017
862;CRISTAL EYE COLIRIO 10 ML;UNIPHARM;9;2017;RESCO;2;1/09/2017
863;COLBER H 10/6.25 MG X 30 TAB;UNIPHARM;9;2017;RESCO;2;1/09/2017
864;ANSIBEN 20 MG X 14 TAB;UNIPHARM;9;2017;RESCO;2;1/09/2017
865;TINELLE X 28 TAB;ABL;9;2017;RESCO;2;1/09/2017
866;ESKAPAR SUSP 90 ML;BAGO;9;2017;RESCO;0;1/09/2017
867;CEFADROXILO CALOX 500 MG X 12 TAB;CALOX;9;2017;RESCO;0;1/09/2017
868;IBANDRONATO CALOX 150 MG X  1TAB;CALOX;9;2017;RESCO;0;1/09/2017
869;PAROXETINA 20 MG X 30 TAB;CALOX;9;2017;RESCO;0;1/09/2017
870;TIOCOLCHICOSIDO CALOX 4 MG X 10 TAB;CALOX;9;2017;RESCO;0;1/09/2017
871;NATRILIX SR X 30 TAB;SERVIER;9;2017;RESCO;0;1/09/2017
872;OFF DEEP WOODS SPRAY 6 OZ;JHONSON;9;2017;VARIOS;0;1/09/2017
873;SUAVE ACONDICIONADOR 148 ML;VARIOS;9;2017;VARIOS;0;1/09/2017
874;HIDROCLOROTIAZIDA 25 MG X 30 TAB;GENFAR;10;2017;AMERICANA;1;1/10/2017
875;METOPROLOL TARTRATO 100 MG X 30 TAB;GENFAR;10;2017;AMERICANA;1;1/10/2017
876;SECNIDAZOL 500 MG X 4 TAB;GENFAR;10;2017;AMERICANA;1;1/10/2017
877;OFTIPINA COLIRIO 10 ML;OFTISOL;10;2017;AMERICANA;1;1/10/2017
878;SYSTANE ULTRA COLIRIO 10 ML;ALCON;10;2017;AMICELCO;1;1/10/2017
879;ODICA 150 MG X 28 TAB;ASTA MEDICA;10;2017;AMICELCO;1;1/10/2017
880;PRRLINE 50 MG X 10 TAB;ASTA MEDICA;10;2017;AMICELCO;1;1/10/2017
881;BISOLVON PEDIATRICO SOLUCION 120 ML;BOEHRINGER                              ;10;2017;AMICELCO;1;1/10/2017
882;MELADININA UNGUENTO 30 G;CHONOIN ;10;2017;AMICELCO;1;1/10/2017
883;FEMIVITAL X 30 TAB;DALT PHARMA;10;2017;AMICELCO;1;1/10/2017
884;ATENUA KIT AMPOLLA;LAPRIN;10;2017;AMICELCO;1;1/10/2017
885;AMLODIPINO MK 5 MG X 30 TAB;MK;10;2017;AMICELCO;1;1/10/2017
886;CEFALEXINA MK 250 MG SUSP 60 ML;MK;10;2017;AMICELCO;1;1/10/2017
887;ENALAPRIL MK 20 MG X 30 TAB;MK;10;2017;AMICELCO;1;1/10/2017
888;ERITROMICINA MK SUSP 60 ML;MK;10;2017;AMICELCO;1;1/10/2017
889;ERITROMICINA X 50 TAB;MK;10;2017;AMICELCO;1;1/10/2017
890;SILDENAFIL MK 100 MG X 1 TAB;MK;10;2017;AMICELCO;1;1/10/2017
891;ACNE AID JABON 100 G;STIEFEL;10;2017;AMICELCO;1;1/10/2017
892;CIRCONYL X 30 TAB;TRB PHARMA;10;2017;AMICELCO;1;1/10/2017
893;TUSIMENT JARABE 120 ML;BAYTLE;10;2017;BAYTLE;0;1/10/2017
894;CLOPIDOGREL 75 MG X 14 TAB;FARMANDINA;10;2017;BECOFARMA;0;1/10/2017
895;IBUPROFENO 600 MG X 50 TAB;FARMANDINA;10;2017;BECOFARMA;0;1/10/2017
896;CYSTONE X 100 TAB;HIMALAYA;10;2017;BODEGA;1;1/10/2017
897;ESPUMA FACIAL PURIFICANTE DE NIM 150 ML;HIMALAYA;10;2017;BODEGA;1;1/10/2017
898;HIMPLASIA * 30 TAB;HIMALAYA;10;2017;BODEGA;1;1/10/2017
899;LIMPIADOR FACIAL ACLARANTE CON BRILLO 100 ML;HIMALAYA;10;2017;BODEGA;1;1/10/2017
900;LIMPIADOR FACIAL EXFOLIANTE 150 ML;HIMALAYA;10;2017;BODEGA;1;1/10/2017
901;LIMPIADOR FACIAL PURIFICANTE DE NIM 150 ML;HIMALAYA;10;2017;BODEGA;1;1/10/2017
902;LIMPIADOR FACIAL REFRESCANTE 150 ML;HIMALAYA;10;2017;BODEGA;1;1/10/2017
903;TERFAMEX X 30 TAB;MEDIX;10;2017;BODEGA;1;1/10/2017
904;GALVUS MET 50/1000 MG X 56 TAB;NOVARTIS;10;2017;BODEGA;1;1/10/2017
905;DAOMIN 850 MG X 40 TAB;PHARMAVIDA;10;2017;BODEGA;1;1/10/2017
906;AURATION CR 200 MG X 20 TAB;EUROFARMA;10;2017;BODEGA;0;1/10/2017
907;BETISTIN 24 MG X 20 TAB;EUROFARMA;10;2017;BODEGA;0;1/10/2017
908;POTENCIATOR X 20 AMPOLLAS BEBIBLES;FAES;10;2017;BODEGA;0;1/10/2017
909;KID CAL SUSP FRESA 180 ML;GRUPO FARMA;10;2017;BODEGA;0;1/10/2017
910;SENNAX JARABE 60 ML;GRUPO FARMA;10;2017;BODEGA;0;1/10/2017
911;CONCOR AM 5/5 MG X 30 TAB;MERCK;10;2017;BODEGA;0;1/10/2017
912;NESTUM TRIGO MIEL 200 G;NESTLE;10;2017;BODEGA;0;1/10/2017
913;NESTUM 8 CEREALES;NESTLE;10;2017;BODEGA;0;1/10/2017
914;NESTUM TRIGO LECHE;NESTLE;10;2017;BODEGA;0;1/10/2017
915;CYCLO 3 FORT X 30 TAB;PIERRE FABRE;10;2017;BODEGA;0;1/10/2017
916;DOLO NERVIDOCE AMPOLLA;BONIN;10;2017;BONIN;0;1/10/2017
917;AMBROX T JARABE 60 ML;BONIN;10;2017;BONIN;0;1/10/2017
918;INDERAL 10 MG X 50 TAB;ASTRAZENECA;10;2017;CENDIS;1;1/10/2017
919;CHAPSTICK FRESA;CHAPSTICK;10;2017;CENDIS;1;1/10/2017
920;SELSUN AZULBACCION HUMECTANTE;CHAPSTICK;10;2017;CENDIS;1;1/10/2017
921;AEROFLUX SOL 120 ML;GLAXO;10;2017;CENDIS;1;1/10/2017
922;VENTOLIN JARABE 20 ML;GLAXO;10;2017;CENDIS;1;1/10/2017
923;AMOEBRIZ * 2 TAB;JANSSENG;10;2017;CENDIS;1;1/10/2017
924;ELEQUINE 750 MG X 5 TAB;JANSSENG;10;2017;CENDIS;1;1/10/2017
925;RETIN A 0.025% CREMA 40 G;JANSSENG;10;2017;CENDIS;1;1/10/2017
926;SUFREXAL GEL TOPICA 78 G;JANSSENG;10;2017;CENDIS;1;1/10/2017
927;TYLENOL JARABE 120 ML;JANSSENG;10;2017;CENDIS;1;1/10/2017
928;VISINA COLIRIO 15 ML.;JANSSENG;10;2017;CENDIS;1;1/10/2017
929;JABON JHONSONG BABY MORADO;JHONSON;10;2017;CENDIS;1;1/10/2017
930;JABON JHONSONG BABY ROSADO;JHONSON;10;2017;CENDIS;1;1/10/2017
931;LISTERINE COOL MINT 95 ML;JHONSON;10;2017;CENDIS;1;1/10/2017
932;SHAMPOO JHONSON MANZANILLA 100 ML;JHONSON;10;2017;CENDIS;1;1/10/2017
933;SHAMPOO JHONSON MANZANILLA 200 ML;JHONSON;10;2017;CENDIS;1;1/10/2017
934;HUMALOG MIX 25 LAPICERO;LILLY;10;2017;CENDIS;1;1/10/2017
935;DESITIN ORIGINAL 57 G;PFIZER;10;2017;CENDIS;1;1/10/2017
936;MEDROL 4 MG X 30 TAB;PFIZER;10;2017;CENDIS;1;1/10/2017
937;VALDURE AMPOLLA;PFIZER;10;2017;CENDIS;1;1/10/2017
938;OVESTIN CREMA 15 G;SCHERING PLOUG;10;2017;CENDIS;1;1/10/2017
939;CENTRUM SIKVER X 30 TAB;WYETH;10;2017;CENDIS;1;1/10/2017
940;ALEVE X 36 TAB;BAYER;10;2017;COIDE;4;1/10/2017
941;ASPIRINA X 100 TAB;BAYER;10;2017;COIDE;4;1/10/2017
942;DORIVAL GEL X 36 TAB;BAYER;10;2017;COIDE;4;1/10/2017
943;AIRMAX INHALADOR;CHALVER;10;2017;COIDE;2;1/10/2017
944;ZENTEL X 50 TAB;GLAXO;10;2017;COIDE;1;1/10/2017
945;EMULSION SCOTT FRUTAS 400 ML;GLAXO;10;2017;COIDE;1;1/10/2017
946;LODAL 10 MG X 30 TAB;GLOBAL PHARMA;10;2017;COIDE;1;1/10/2017
947;FORTIPLEX SUSPE 240 MG;FARKOT;10;2017;HELOS/FARKOT;1;1/10/2017
948;FOSFO NERVON X 20 TAB;FARKOT;10;2017;HELOS/FARKOT;1;1/10/2017
949;ALLERD JARABE 120 ML;HELOS;10;2017;HELOS/FARKOT;1;1/10/2017
950;DOLIN FUERTE X 100 TAB;HELOS;10;2017;HELOS/FARKOT;1;1/10/2017
951;FLAG HELOS 250 MG SUSP 120 ML;HELOS;10;2017;HELOS/FARKOT;1;1/10/2017
952;VALTENS H 160/12.5 MG X 14 TAB;LAFRANCOl;10;2017;COIDE;1;1/10/2017
953;ENSOY FRESA NIÑOS 400 G;LAFRANCOL;10;2017;COIDE;1;1/10/2017
954;ENSOY NIÑOS VAINILLA 400 G;LAFRANCOL;10;2017;COIDE;1;1/10/2017
955;SEPTIDEX AEROSOL 40 G;MED PHARMA;10;2017;COIDE;1;1/10/2017
956;GASTREXX 40 MG X 30 TAB;MED PHARMA;10;2017;COIDE;1;1/10/2017
957;NAN 2 1100 G;NESTLE;10;2017;COIDE;0;1/10/2017
958;ASMASOLON X 100 TAB;SANTE;10;2017;COIDE;0;1/10/2017
959;SCUDO RETARDANTE;ABL;10;2017;COIDE;0;1/10/2017
960;COLBER H 2.5/6.25 MG X 30 TAB;UNIPHARM;10;2017;COLON;2;1/10/2017
961;IVEPRAX 150 MG X 28 TAB;UNIPHARM;10;2017;COLON;2;1/10/2017
962;IVEPRAX 300 MG X 28 TAB;UNIPHARM;10;2017;COLON;2;1/10/2017
963;TEGRETOL SUSP 100 ML;NOVARTIS;10;2017;COLON;1;1/10/2017
964;CATAFLAM SUSP 120 ML;NOVARTIS;10;2017;COLON;1;1/10/2017
965;SUPLEX TRI AMP 10 ML;FARMEX;10;2017;DIFPER;1;1/10/2017
966;MONOLITUM 30 MG X 14 TAB;FARMEX;10;2017;DIFPER;1;1/10/2017
967;PRINCIPAL R X 25 TAB;DONOVAN;10;2017;DONOVAN;0;1/10/2017
968;ORIGLU PLUS X 30 TAB;ORIFARM;10;2017;ENLACE FARMA;0;1/10/2017
969;BENICAR 20 MG X 14 TAB;MENARINI;10;2017;FARMEN;0;1/10/2017
970;BENICAR 40 MG X 14 TAB;MENARINI;10;2017;FARMEN;0;1/10/2017
971;BENICAR AMLO 40/10 MG X 14 TAB;MENARINI;10;2017;FARMEN;0;1/10/2017
972;BENICAR HCT 40/25 MG X 14 TAB;MENARINI;10;2017;FARMEN;0;1/10/2017
973;ENANTYUM 25 MG X 10 TAB;MENARINI;10;2017;FARMEN;0;1/10/2017
974;GLIBOMET X 40 TAB;MENARINI;10;2017;FARMEN;0;1/10/2017
975;DOLO MENALGIL X 120 TAB;MERARINI;10;2017;FARMEN;0;1/10/2017
976;LIXONE 165 ML;FISIOPHARM;10;2017;FISIOPHARM;0;1/10/2017
977;FLOXA PACK ES 10 DIAS;INFASA;10;2017;INFASA;0;1/10/2017
978;TUSIGEN JARABE 120 ML;INFASA;10;2017;INFASA;0;1/10/2017
979;FIZZ SPRAY 15 ML;INFASA;10;2017;INFASA;0;1/10/2017
980;RIVOTRIL GOTAS 10 ML;ROCHE;10;2017;JI COHEN;2;1/10/2017
981;CALCIGENOL DOBLE SUSP 340 ML.;SANOFI AVENTIS;10;2017;JI COHEN;2;1/10/2017
982;DAYAMINERAL X 30 TAB;ABBOTT;10;2017;JI COHEN;1;1/10/2017
983;ENSURE NG VAINILLA 400 G;ABBOTT;10;2017;JI COHEN;1;1/10/2017
984;ENSURE ADVANCE 8 OZ;ABBOTT;10;2017;JI COHEN;1;1/10/2017
985;NEXIUM 40 MG X 14 TAB;ASTRAZENECA;10;2017;JI COHEN;1;1/10/2017
986;VIMOVO 500/20 X 10 TAB;ASTRAZENECA;10;2017;JI COHEN;1;1/10/2017
987;BISOLVON ADULTO SOLUCION 120 ML;BOEHRINGER                              ;10;2017;JI COHEN;1;1/10/2017
988;PHARMATON MATRUELLE 60 TAB;BOEHRINGER                              ;10;2017;JI COHEN;1;1/10/2017
989;PHARMATON PROTECT  X 30 TAB;BOEHRINGER                              ;10;2017;JI COHEN;1;1/10/2017
990;ASEPXIA REGADERA EXFOLIANTE 250 ML.;GENOMALAB;10;2017;JI COHEN;1;1/10/2017
991;SILUET 40 GEL TERMICO 200 ML;GENOMALAB;10;2017;JI COHEN;1;1/10/2017
992;TIO NACHO ACLARADO NATURAL SHAMPOO 415 ML;GENOMALAB;10;2017;JI COHEN;1;1/10/2017
993;JANUMET 50/1000 MG X 56 TAB;MSD;10;2017;JI COHEN;1;1/10/2017
994;JANUMET 50/500 MG X 56 TAB;MSD;10;2017;JI COHEN;1;1/10/2017
995;PROMIL GOLD 2 400 G;WYETH;10;2017;JI COHEN;1;1/10/2017
996;TARTARO 1 OZ;LAFIMARQ;10;2017;LAFIMARQ;0;1/10/2017
997;SINHISTAN SOLUCION 100 ML;LANCASCO;10;2017;LANCASCO;0;1/10/2017
998;ADIAMYL 2 MG X 20 TAB;LANCASCO;10;2017;LANCASCO;0;1/10/2017
999;ADALAT OROS 30 MG X 10 TAB;BAYER;10;2017;LANQUETAN;1;1/10/2017
1000;ADALAT OROS 60 MG X 10 TAB;BAYER;10;2017;LANQUETAN;1;1/10/2017
1001;ANGELIQ X 28 TAB;BAYER SCHERING;10;2017;LANQUETAN;1;1/10/2017
1002;NATELE X 28 TAB;BAYER SCHERING;10;2017;LANQUETAN;1;1/10/2017
1003;ARALEN 250 MG X 200 MG;SANOFI AVENTIS;10;2017;LANQUETAN;1;1/10/2017
1004;STILNOX 10 MG X 10 TAB;SANOFI AVENTIS;10;2017;LANQUETAN;1;1/10/2017
1005;URBADAN 10 MG X 100 TAB;SANOFI AVENTIS;10;2017;LANQUETAN;1;1/10/2017
1006;CABERTIX X 8 TAB;ASOFARMA;10;2017;LANQUETAN;0;1/10/2017
1007;CABERTIX X 2 TAB;ASOFARMA;10;2017;LANQUETAN;0;1/10/2017
1008;COLMIBE 10/10 MG X 10 TAB;ASOFARMA;10;2017;LANQUETAN;0;1/10/2017
1009;DOLGENAL 10 MG X 10 TAB;ASOFARMA;10;2017;LANQUETAN;0;1/10/2017
1010;ILTUX 40 MG X 14 TAB;ASOFARMA;10;2017;LANQUETAN;0;1/10/2017
1011;ILTUX 40 MG X 28 TAB;ASOFARMA;10;2017;LANQUETAN;0;1/10/2017
1012;ILTUX HCT 20/12.5 MG X 14 TAB;ASOFARMA;10;2017;LANQUETAN;0;1/10/2017
1013;MELITASE 500 MG. X 7 TAB;ASOFARMA;10;2017;LANQUETAN;0;1/10/2017
1014;PREBICTAL 75 MG X 28 TAB;ASOFARMA;10;2017;LANQUETAN;0;1/10/2017
1015;FLUZINA 10 MG X 20 TAB;BUSSIE;10;2017;LANQUETAN;0;1/10/2017
1016;SEBOTAR SHAMPOO 120 ML;BUSSIE;10;2017;LANQUETAN;0;1/10/2017
1017;OMACOR 20 TAB;FERRER;10;2017;LANQUETAN;0;1/10/2017
1018;TRINOMIA 100/40/5 MG X 28 TAB;FERRER;10;2017;LANQUETAN;0;1/10/2017
1019;ENFAMIL CONFORT 400 G;MEAD JHONSON;10;2017;LANQUETAN;0;1/10/2017
1020;ENFAMIL A.R. 900 G;MEAD JHONSON;10;2017;LANQUETAN;0;1/10/2017
1021;ENFAMIL 2 1200 G;MEAD JHONSON;10;2017;LANQUETAN;0;1/10/2017
1022;CONCOR AM 5/5 MG X 30 TAB;MERCK;10;2017;LANQUETAN;0;1/10/2017
1023;DOLO NEUROBION DC AMPOLLA;MERCK;10;2017;LANQUETAN;0;1/10/2017
1024;GLUCOVANCE 1000/5 MG X 30 TAB;MERCK;10;2017;LANQUETAN;0;1/10/2017
1025;MINART 16 MG X 14 TAB;MERCK;10;2017;LANQUETAN;0;1/10/2017
1026;MINART AM 8/5 MG X 14 TAB;MERCK;10;2017;LANQUETAN;0;1/10/2017
1027;ULCOGANT SUSP 200 ML;MERCK;10;2017;LANQUETAN;0;1/10/2017
1028;DIPROGENTA CREMA 15 G;MSD;10;2017;LANQUETAN;0;1/10/2017
1029;GLUCOSORAL CEREZA SOBRE LITRO;QUIFARMA;10;2017;LANQUETAN;0;1/10/2017
1030;CORILIN GOTAS 30 ML;SCHERING PLOUG;10;2017;LANQUETAN;0;1/10/2017
1031;ESTABINOL X 30 TAB;PANALAB;10;2017;LETERAGO;0;1/10/2017
1032;SUPRAFLEX X 30 SOBRES;PANALAB;10;2017;LETERAGO;0;1/10/2017
1033;CLAVULIN C/12 x 14 TAB;ROEMMERS;10;2017;LETERAGO;0;1/10/2017
1034;BOLARIA 16 MG X 20 TAB;ROEMMERS;10;2017;LETERAGO;0;1/10/2017
1035;LOTRIAL 10 MG X 100 TAB;ROEMMERS;10;2017;LETERAGO;0;1/10/2017
1036;LOTRIAL 20 MG X 100 TAB;ROEMMERS;10;2017;LETERAGO;0;1/10/2017
1037;SERTAL FORTE X 10 PERLAS;ROEMMERS;10;2017;LETERAGO;0;1/10/2017
1038;EUKENE H 20/12.5 MG X 30 TAB;ROEMMERS;10;2017;LETERAGO;0;1/10/2017
1039;IPEXAL X 1 TAB;ROEMMERS;10;2017;LETERAGO;0;1/10/2017
1040;SINABON FEM X 7 OVULOS;ROWE;10;2017;LETERAGO;0;1/10/2017
1041;AMBROMEG 120 ML;MEGASA;10;2017;MEGASA;0;1/10/2017
1042;AMLODIPINO 5 MG X 50 TAB;DENK PHARMA;10;2017;MERCAFARMA;2;1/10/2017
1043;ANAKIM BID X 10 TAB;HEIDELG;10;2017;MERCAFARMA;2;1/10/2017
1044;SEBAMED SHAMPOO ANTICASPA ;BAYER;10;2017;MERCED;2;1/10/2017
1045;CANESTEN V X 18 OVULOS;BAYER;10;2017;MERCED;2;1/10/2017
1046;CANESORAL X 1 TSB;BAYER;10;2017;MERCED;2;1/10/2017
1047;CANESTEN TRIPLE CREMA 15 G;BAYER;10;2017;MERCED;2;1/10/2017
1048;BETASERC 16 MG X 20 TAB;ABBOTT;10;2017;MERCED;1;1/10/2017
1049;CONTROLIP 160 MG X 15 CAPS;ABBOTT;10;2017;MERCED;1;1/10/2017
1050;SIMILAC SENSITIVE LF 375 G;ABBOTT;10;2017;MERCED;1;1/10/2017
1051;ISOMIL 1 850 G;ABBOTT;10;2017;MERCED;1;1/10/2017
1052;ISOMIL 1 400 G;ABBOTT;10;2017;MERCED;1;1/10/2017
1053;NERVADEN ULTRA COMPLEX SOLUCION 120 ML;NIELSEN;10;2017;NIELSEN;3;1/10/2017
1054;CLAVUDEL BID X 14 TAB;PHARMADEL;10;2017;PHARMADEL;0;1/10/2017
1055;ACETAMINOFEN GOTAS PS PHARMA 15 ML;PS PHARMA;10;2017;PS PHARMA;0;1/10/2017
1056;AZ COLIRIO 5 ML;SOPHIA;10;2017;REFASA;0;1/10/2017
1057;TRAZINAC COLIRIO 5 ML;SOPHIA;10;2017;REFASA;0;1/10/2017
1058;METGLITAL LEX 850/2 MG X 32 TAB;SILANES;10;2017;RESCO;4;1/10/2017
1059;INTRAFER AB X 15 FRASCOS;UNIPHARM;10;2017;RESCO;2;1/10/2017
1060;CLAMICIL BID 600 SUSP 100 ML;UNIPHARM;10;2017;RESCO;2;1/10/2017
1061;BRONCOMAT EXPECTORANTE JARABE 120 ML;UNIPHARM;10;2017;RESCO;2;1/10/2017
1062;ALDAMIN SUSP 20 ML;UNIPHARM;10;2017;RESCO;2;1/10/2017
1063;KOLOBA X 30 TAB;UNIPHARM;10;2017;RESCO;2;1/10/2017
1064;DISMOX 40 MG X 30 TAB;UNIPHARM;10;2017;RESCO;2;1/10/2017
1065;SUVIAR 4 MG X 15 TAB;UNIPHARM;10;2017;RESCO;2;1/10/2017
1066;LIPODEX 100 MG X 30 TAB;UNIPHARM;10;2017;RESCO;2;1/10/2017
1067;VIVITAR 100 MG X 30 TAB;ARMSTRONG;10;2017;RESCO;0;1/10/2017
1068;ATEMPERATOR LP 600 MG X 20 TAB;ARMSTRONG;10;2017;RESCO;0;1/10/2017
1069;ATEMPERATOR 500 MG X 20 TAB;ARMSTRONG;10;2017;RESCO;0;1/10/2017
1070;COOTRIMAZOL CALOX CREMA 20 G;CALOX;10;2017;RESCO;0;1/10/2017
1071;ESOMEPRAZOL CALOX 40 MG X 14 TAB;CALOX;10;2017;RESCO;0;1/10/2017
1072;LOSARTAN CALOX 50 MG X 30 TAB;CALOX;10;2017;RESCO;0;1/10/2017
1073;COVERSYL 10 MG X 30 TAB;SERVIER;10;2017;RESCO;0;1/10/2017
1074;SANA SANA;VARIOS;10;2017;VARIOS;0;1/10/2017
1075;UNEXIL ESO X 30 TAB;VIPARZA;10;2017;VIPARZA;4;1/10/2017
1076;CEFTRIAXONA LOKET AMPOLLA;WASHINGTON;10;2017;WASHINGTON;4;1/10/2017
1077;VELOF X 10 TAB;WINZZER;10;2017;WINZZER;0;1/10/2017
1078;FLOXICORT GOTAS 5 ML;ARSAL;11;2017;AMICELCO;1;1/11/2017
1079;KAMILLOSAN CREMA 20 G;ASTA MEDICA;11;2017;AMICELCO;1;1/11/2017
1080;KAMILLOSAN LIQUIDO 30 ML;ASTA MEDICA;11;2017;AMICELCO;1;1/11/2017
1081;TELYDALT PLUS 80/25 MG X 28 TAB;ASTA MEDICA;11;2017;AMICELCO;1;1/11/2017
1082;GITRASEK X 12 TAB;CHONOIN ;11;2017;AMICELCO;1;1/11/2017
1083;MELADININA 10 MG X 30 TAB;CHONOIN ;11;2017;AMICELCO;1;1/11/2017
1084;BENZAC 5% GEL 60 G;GALDERMA;11;2017;AMICELCO;1;1/11/2017
1085;NEUMONIL X 100 AMPOLLAS;LAPRIN;11;2017;AMICELCO;1;1/11/2017
1086;HISTAPRIN AMPOLLA;LAPRIN;11;2017;AMICELCO;1;1/11/2017
1087;DORCOL GORTR X 6 AMPOLLAS;LAPRIN;11;2017;AMICELCO;1;1/11/2017
1088;ACETAMINOFEN X 110 TAB;MK;11;2017;AMICELCO;1;1/11/2017
1089;AZITROMICINA MK 900 G SUSP 22.5 ML;MK;11;2017;AMICELCO;1;1/11/2017
1090;DIVE ORIGINAL ROLL ON ;UNILIVER;11;2017;AMICELCO;1;1/11/2017
1091;AMOXIBROL SUSP 90 ML;BAYTLE;11;2017;BAYTLE;0;1/11/2017
1092;NITAZOXANIDA SUSP 60 ML;FARMANDINA;11;2017;BECOFARMA;0;1/11/2017
1093;VALSARTAN 160 MG X 14 TAB;FARMANDINA;11;2017;BECOFARMA;0;1/11/2017
1094;MELOXICAM 15 MG C 30 TAB;FARMANDINA;11;2017;BECOFARMA;0;1/11/2017
1095;MENOPACE PLUS X 56 TAB;VITABIOTICS;11;2017;BODEGA;3;1/11/2017
1096;MADDRE POLVO 360 G;HERSIL;11;2017;BODEGA;1;1/11/2017
1097;AYURSLIM X 60 TAB;HIMALAYA;11;2017;BODEGA;1;1/11/2017
1098;CREMA HIDRATANTE INTENSIVA HIMALAYA TARRO 150 ML;HIMALAYA;11;2017;BODEGA;1;1/11/2017
1099;CREMA NUTRITIVA PARA LA PIEL TARRO 150 MG;HIMALAYA;11;2017;BODEGA;1;1/11/2017
1100;ESPUMA LIMPIADOR FACIAL REFRESCANTE SPRAY 150 ML;HIMALAYA;11;2017;BODEGA;1;1/11/2017
1101;JABON MIEL Y CREMA NUTRIENTE X 3 JABONES;HIMALAYA;11;2017;BODEGA;1;1/11/2017
1102;GALVUS MET 50/500 MG X 56 TAB;NOVARTIS;11;2017;BODEGA;1;1/11/2017
1103;FORADIL X 30 TAB;NOVARTIS;11;2017;BODEGA;1;1/11/2017
1104;EUCERIN CREMA ANTI ESTRIAS 100 ML;BDF;11;2017;BODEGA;0;1/11/2017
1105;SENNAX PLUS X 20 TAB;GRUPO FARMA;11;2017;BODEGA;0;1/11/2017
1106;SENNAX JARABE 60 ML.;GRUPO FARMA;11;2017;BODEGA;0;1/11/2017
1107;BEDOYECTA TRI * 5 AMPOLLAS;GROSSMAN;11;2017;BODEGA;0;1/11/2017
1108;BEDOYECTA TRI * 1 AMPOLLAS;GROSSMAN;11;2017;BODEGA;0;1/11/2017
1109;MAXEPA FORTE X 30 TAB;MERCK;11;2017;BODEGA;0;1/11/2017
1110;NESTUM ARROZ;NESTLE;11;2017;BODEGA;0;1/11/2017
1111;NESTUM AVENA;NESTLE;11;2017;BODEGA;0;1/11/2017
1112;NAN OPTIPRO 2 1.1KG;NESTLE;11;2017;BODEGA;0;1/11/2017
1113;NAN OPTIPRO 1 1.1KG;NESTLE;11;2017;BODEGA;0;1/11/2017
1114;NAN HA 400 G.;NESTLE;11;2017;BODEGA;0;1/11/2017
1115;FENILA COLIRIO 5 ML;OFTISOL;11;2017;BODEGA;0;1/11/2017
1116;PERMIXON 160 MG X 60 TAB;PIERRE FABRE;11;2017;BODEGA;0;1/11/2017
1117;CYCLO 3 FORTE X 30 TAB;PIERRE FABRE;11;2017;BODEGA;0;1/11/2017
1118;ESPAVEN ENZIMATICO X 50 TAB;VALEANT;11;2017;BODEGA;0;1/11/2017
1119;NIDO CRECIMIENTO 800 G;NESTLE;11;2017;BODEGA;0;1/11/2017
1120;CLOTRIMAZOL CAPLIN POINT 30 G;CAPLIN POINT;11;2017;CAPLIN POINT;0;1/11/2017
1121;OTOSEC HC COLORIO 10 ML;PROCAPS;11;2017;CDI;0;1/11/2017
1122;CIMBIGAN COLIRIO 5 ML;ALLERGAN;11;2017;CENDIS;1;1/11/2017
1123;ATACAND PLUS 32/12.5 MG X 14 TAB;ASTRAZENECA;11;2017;CENDIS;1;1/11/2017
1124;CRESTOR 20 MG X 30 TAB;ASTRAZENECA;11;2017;CENDIS;1;1/11/2017
1125;TENORETIC 100 MG X 14 TAB;ASTRAZENECA;11;2017;CENDIS;1;1/11/2017
1126;TENORETIC 50 MG X 14 TAB;ASTRAZENECA;11;2017;CENDIS;1;1/11/2017
1127;XICANIL PIEL CREMA 18 G;BMA;11;2017;CENDIS;1;1/11/2017
1128;MODULESE X 60 TAB;BMA;11;2017;CENDIS;1;1/11/2017
1129;ZENTEL X 50 TAB;GLAXO;11;2017;CENDIS;1;1/11/2017
1130;VENTOLIN INHALADOR ;GLAXO;11;2017;CENDIS;1;1/11/2017
1131;BENADRYL X 24 TAB;JANSSENG;11;2017;CENDIS;1;1/11/2017
1132;MOTILIUM SUSP 60 ML;JANSSENG;11;2017;CENDIS;1;1/11/2017
1133;JABON JHONSONG BABY BLANCO;JHONSON;11;2017;CENDIS;1;1/11/2017
1134;LOMOTIL X 40 TAB;JHONSON;11;2017;CENDIS;1;1/11/2017
1135;TALCO JHONSON 600 G;JHONSON;11;2017;CENDIS;1;1/11/2017
1136;COLONIA BESITOS 200 ML;JHONSON;11;2017;CENDIS;1;1/11/2017
1137;ACEITE JHONSON 200 ML;JHONSON;11;2017;CENDIS;1;1/11/2017
1138;BENADRYL X 24 TB;JHONSON;11;2017;CENDIS;1;1/11/2017
1139;CATAFLAM SUSPENSIÓN 120 ML;NOVARTIS;11;2017;CENDIS;1;1/11/2017
1140;FORADIL X 30 TAB;NOVARTIS;11;2017;CENDIS;1;1/11/2017
1141;GALVUS MET 50/850 MG X 56 TAB;NOVARTIS;11;2017;CENDIS;1;1/11/2017
1142;METHERGIN X 30 TAB;NOVARTIS;11;2017;CENDIS;1;1/11/2017
1143;ALDACTONE 25 MG X 30 TAB;PFIZER;11;2017;CENDIS;1;1/11/2017
1144;CANESTEN SPRAY 40 ML;BAYER;11;2017;COIDE;3;1/11/2017
1145;PANADOL X 25 SOBRED;GLAXO;11;2017;COIDE;1;1/11/2017
1146;MAGNESIA PHILLIPS 120 ML;GLAXO;11;2017;COIDE;1;1/11/2017
1147;FOSFO NERVON X 60 CAPSULAS;FARKOT;11;2017;HELOS/FARKOT;1;1/11/2017
1148;AMPODEK JARABE 120 ML;HELOS;11;2017;HELOS/FARKOT;1;1/11/2017
1149;FLAG HELOS 125 MG SUSP 120 ML;HELOS;11;2017;HELOS/FARKOT;1;1/11/2017
1150;ENSOY TOTAL FRESA 400 G;LAFRANCOL;11;2017;COIDE;1;1/11/2017
1151;COL LESS 40 MG X 20 TAB;MED PHARMA;11;2017;COIDE;1;1/11/2017
1152;GABEX PLUS X 30 TSB;MED PHARMA;11;2017;COIDE;1;1/11/2017
1153;GASTREXX 40 MG X 30 TAB;MED PHARMA;11;2017;COIDE;1;1/11/2017
1154;VICK INFANTIL JARABE 120 ML;PROCTER;11;2017;COIDE;1;1/11/2017
1155;VIRO GRIP AMPOLLA;VIJOSA;11;2017;COIDE;1;1/11/2017
1156;HUGGIES NAT CARE CAJA 64 TOALLITAS;KIMBERLY CLARK;11;2017;COIDE;0;1/11/2017
1157;NAN AR 400 G;NESTLE;11;2017;COIDE;0;1/11/2017
1158;NAN 1 1100 G;NESTLE;11;2017;COIDE;0;1/11/2017
1159;NAN 1 360 G;NESTLE;11;2017;COIDE;0;1/11/2017
1160;ANTABUSE X 24 TAB;SANTE;11;2017;COIDE;0;1/11/2017
1161;SECNIFARMA 500 MG X 6 CSPS;DISORGA;11;2017;DISORGA;3;1/11/2017
1162;BETAX 2 ML 2 AMP DE 1 ML;DONOVAN;11;2017;DONOVAN;0;1/11/2017
1163;BETAXB1 ML;DONOVAN;11;2017;DONOVAN;0;1/11/2017
1164;DONOFLAT X 30 TAB;DONOVAN;11;2017;DONOVAN;0;1/11/2017
1165;PREDNIVAN JARABE 60 ML;DONOVAN;11;2017;DONOVAN;0;1/11/2017
1166;C-FLEX AMPOLLA 10 ML;DROFARMA;11;2017;DROFARMA;0;1/11/2017
1167;FERROCID JARABE 150 ML;DROFARMA;11;2017;DROFARMA;0;1/11/2017
1168;BENICAR HCT 20/12.5 X 14 TAB;MENARINI;11;2017;FARMEN;0;1/11/2017
1169;MENADERM OTOLOGICO 10 ML;MENARINI;11;2017;FARMEN;0;1/11/2017
1170;MENEPAROL PLUS X 30 TAB;MENARINI;11;2017;FARMEN;0;1/11/2017
1171;RANEXA 500 MG X 30 TAB;MENARINI;11;2017;FARMEN;0;1/11/2017
1172;ZOFENIL 15 MG X 28 TAB;MENARINI;11;2017;FARMEN;0;1/11/2017
1173;PANYOPAZMOL 40 MG X 14 TAB;FARNET;11;2017;FARNET;0;1/11/2017
1174;PIREX X 24 TAB;INFASA;11;2017;INFASA;0;1/11/2017
1175;DROXYCIN SUSP 80 ML;INFASA;11;2017;INFASA;0;1/11/2017
1176;DEXTRIUM AMPOLLA;INFASA;11;2017;INFASA;0;1/11/2017
1177;ACCU CHEK X 50 TIRAS;ROCHE;11;2017;JI COHEN;2;1/11/2017
1178;RIVOTRIL GOTAS 10 ML;ROCHE;11;2017;JI COHEN;2;1/11/2017
1179;ENSURE NG FRESA 400 G;ABBOTT;11;2017;JI COHEN;1;1/11/2017
1180;ENSURE NG VAINILLA 400 G;ABBOTT;11;2017;JI COHEN;1;1/11/2017
1181;ENSURE ADVANCE 900 G;ABBOTT;11;2017;JI COHEN;1;1/11/2017
1182;ENSURE ADVANCE 400 G;ABBOTT;11;2017;JI COHEN;1;1/11/2017
1183;ENSURE LIQUIDO 8 OZ;ABBOTT;11;2017;JI COHEN;1;1/11/2017
1184;GLUCERNA SR VAINILLA 400 G;ABBOTT;11;2017;JI COHEN;1;1/11/2017
1185;PEDIASURE VAINILLA 400 G;ABBOTT;11;2017;JI COHEN;1;1/11/2017
1186;PEDIASURE PLUS VAINILLA 8 OZ;ABBOTT;11;2017;JI COHEN;1;1/11/2017
1187;NEXIUM 40 MG AMPOLLA;ASTRAZENECA;11;2017;JI COHEN;1;1/11/2017
1188;PULMICORT X 5 AMPOLLAS;ASTRAZENECA;11;2017;JI COHEN;1;1/11/2017
1189;GERIATRIC PHARMATON X 30 TAB;BOEHRINGER                              ;11;2017;JI COHEN;1;1/11/2017
1190;MUCOSOLVAN SOLUCION 120ML;BOEHRINGER                              ;11;2017;JI COHEN;1;1/11/2017
1191;LOMECAN CREMA ;GENOMALAB;11;2017;JI COHEN;1;1/11/2017
1192;MEDICASP SHSMPOO 130 ML;GENOMALAB;11;2017;JI COHEN;1;1/11/2017
1193;SILKA MEDIC 30 G;GENOMALAB;11;2017;JI COHEN;1;1/11/2017
1194;PROMIL GOLD 2 900 G;WYETH;11;2017;JI COHEN;1;1/11/2017
1195;COLOR VEGETAL ROJO SANGRE 1 OZ;LAFIMARQ;11;2017;LAFIMARQ;0;1/11/2017
1196;ADIABET 5 MG X 100 TAB;LANCASCO;11;2017;LANCASCO;0;1/11/2017
1197;ERITROPOYECTINA 2000 AMPOLLA;ASTA MEDICA;11;2017;LANQUETAN;2;1/11/2017
1198;TELYDALT 80 MG X 28 TAB;ASTA MEDICA;11;2017;LANQUETAN;2;1/11/2017
1199;CIPROXINA XR 500 MG X 7 TAB;BAYER;11;2017;LANQUETAN;1;1/11/2017
1200;FEMSTAT X 3 OVULOS;GRUNENTAL;11;2017;LANQUETAN;1;1/11/2017
1201;OMIFIN 50 MG X 30 TAB;SANOFI AVENTIS;11;2017;LANQUETAN;1;1/11/2017
1202;ETEC 1000 X 30 TAB;ASOFARMA;11;2017;LANQUETAN;0;1/11/2017
1203;CLINFOL DUO 7 OVULOS;ASOFARMA;11;2017;LANQUETAN;0;1/11/2017
1204;CLINFOL 100 MG X 7 OVULOS;ASOFARMA;11;2017;LANQUETAN;0;1/11/2017
1205;MODIFICAL 8 MG X 10 TAB;ASOFARMA;11;2017;LANQUETAN;0;1/11/2017
1206;TAMSULON 0.4 MG X 30 TAB;ASOFARMA;11;2017;LANQUETAN;0;1/11/2017
1207;ZOLTUM 40 MG X 14 TAB;ASOFARMA;11;2017;LANQUETAN;0;1/11/2017
1208;MICARDIS PLUS X 14 TAB;BOEHRINGER;11;2017;LANQUETAN;0;1/11/2017
1209;SPIRIVA 18 MG X 20 TAB;BOEHRINGER;11;2017;LANQUETAN;0;1/11/2017
1210;TRAYENTA DUO 2.5/1000 MG X 30 TAB;BOEHRINGER;11;2017;LANQUETAN;0;1/11/2017
1211;TRAYENTA DUO 2.5/500 MG X 30 TAB;BOEHRINGER;11;2017;LANQUETAN;0;1/11/2017
1212;CREMOQUINONA CREMA 30 G;BUSSIE;11;2017;LANQUETAN;0;1/11/2017
1213;BRITOMAR 10 MG X 30 TAB;FERRER;11;2017;LANQUETAN;0;1/11/2017
1214;SOMAZINA GOTAS 30 ML;FERRER;11;2017;LANQUETAN;0;1/11/2017
1215;ENFAGROW 3 900 G;MED JHONSON;11;2017;LANQUETAN;0;1/11/2017
1216;ENFAMIL 2 900 G;MED JHONSON;11;2017;LANQUETAN;0;1/11/2017
1217;ENFAMIL 1 400 G;MED JHONSON;11;2017;LANQUETAN;0;1/11/2017
1218;DOLO NEUROBION DC AMPOLLA;MERCK;11;2017;LANQUETAN;0;1/11/2017
1219;MAXEPA FORTE X 30 TAB;MERCK;11;2017;LANQUETAN;0;1/11/2017
1220;MINART AM 16/5 MG X 14 TAB;MERCK;11;2017;LANQUETAN;0;1/11/2017
1221;GLUCOSORAL MELOCOTON SOBRE LITRO;QUIFARMA;11;2017;LANQUETAN;0;1/11/2017
1222;ANALGAN 60 MG 1 AMPOLLA;PANALAB;11;2017;LETERAGO;0;1/11/2017
1223;CO VAPRESAN 320 MG X 28 TAB;PANALAB;11;2017;LETERAGO;0;1/11/2017
1224;TOPTEAR COLIRIO 10 ML;POEN;11;2017;LETERAGO;0;1/11/2017
1225;CHELTIN GOTAS 30 ML.;ROEMMERS;11;2017;LETERAGO;0;1/11/2017
1226;GIVOTAN 500 MG X 6 TAB;ROEMMERS;11;2017;LETERAGO;0;1/11/2017
1227;GIVOTAN SUSP 60 ML;ROEMMERS;11;2017;LETERAGO;0;1/11/2017
1228;BOLARIA 24 MG X 20 TAB;ROEMMERS;11;2017;LETERAGO;0;1/11/2017
1229;ALBOTHYL X 6 OVULOS;TAKEDA;11;2017;LETERAGO;0;1/11/2017
1230;BACTERIOTAL X 20 TAB;MEDIPRODUCT;11;2017;MEDIPRODUCT;0;1/11/2017
1231;MEDIZOL X 10 OVULOS;MEDIPRODUCT;11;2017;MEDIPRODUCT;0;1/11/2017
1232;ESMEP X 20 TAB;MEGASA;11;2017;MEGASA;0;1/11/2017
1233;SUPRACREZ JARABE 240 ML;MEGASA;11;2017;MEGASA;0;1/11/2017
1234;CLOTRIMAZOL CRENA 20 G;DENK PHARMA;11;2017;MERCAFARMA;2;1/11/2017
1235;GERIAKING X 30 TAB;HEIDELG;11;2017;MERCAFARMA;2;1/11/2017
1236;GESTABION DN X 30 TAB;HEIDELG;11;2017;MERCAFARMA;2;1/11/2017
1237;FOSFOBAC PEDIATRICO SUSP ;QUALIPHARM;11;2017;MERCED;4;1/11/2017
1238;KETODPOR CREMA 15 G;QUALIPHARM;11;2017;MERCED;4;1/11/2017
1239;NEUROFOL 1000 MG X 30 TAB;QUALIPHARM;11;2017;MERCED;4;1/11/2017
1240;SIMILAC NEOSURE 370 G;ABBOTT;11;2017;MERCED;1;1/11/2017
1241;AVIPLEX JARABE 240 ML;NIELSEN;11;2017;NIELSEN;3;1/11/2017
1242;NERVADEN TEEN X 30 TAB;NIELSEN;11;2017;NIELSEN;3;1/11/2017
1243;TE LIPTON ROSA JAMAICA;LIPTON;11;2017;OASIS;0;1/11/2017
1244;GADEL 400 MG X 30 TAB;PHARMADEL;11;2017;PHARMADEL;0;1/11/2017
1245;PULMOBRON S SUSP 120 MK;LAXMI;11;2017;REFASA;0;1/11/2017
1246;CEFIXIMA LAXMI SUSP 50 ML;LAXMI;11;2017;REFASA;0;1/11/2017
1247;PREDIAL PLUS 500 MG X 30 TAB;SILANES;11;2017;RESCO;4;1/11/2017
1248;OOREX COLIRIO 5 ML;UNIPHARM;11;2017;RESCO;2;1/11/2017
1249;GLIMEOIRIDA CALOX 4 MG X 30 TAB;CALOX;11;2017;RESCO;0;1/11/2017
1250;IRBESARTAN CALOX 300 MG X 14 TAB;CALOX;11;2017;RESCO;0;1/11/2017
1251;BRONCHO VAXOM NIÑOS X 30 SOBRES;OM;11;2017;RESCO;0;1/11/2017
1252;NATRILIX SR * 30 TAB;SERVIER;11;2017;RESCO;0;1/11/2017
1253;BROZECLID X 30 TAB;GALENIKA;11;2017;TRIPHARMA;1;1/11/2017
1254;CONPLEJO B LOKET AMPOLLS;WASHINGTON;11;2017;WASHINGTON;4;1/11/2017
1255;MINAC 100 MG X 10 TAB;CANEHAN;11;2017;WELLCO;0;1/11/2017
1256;WINVIT JARABE 240 ML;WINZZER;11;2017;WINZZER;0;1/11/2017
1257;BUDEK 400 MCG X 30 TAB;DALT PHARMA;12;2017;AMICELCO;3;1/12/2017
1258;SYSTANE ULTRA COLIRIO 10 ML;ALCON;12;2017;AMERICANA;1;1/12/2017
1259;MODIP X 30 TAB;ASTA MEDICA;12;2017;AMERICANA;1;1/12/2017
1260;GERIATRIC PHARMATON X 30 TAB;BOHERINGER;12;2017;AMICELCO;1;1/12/2017
1261;NEURAKIN AMPOLLAS;CHONOIN ;12;2017;AMICELCO;1;1/12/2017
1262;ATORVASTATINA 20 MG X 10 TAB;GENFAR;12;2017;AMICELCO;1;1/12/2017
1263;SERAFON AMPOLLA;LAPRIN;12;2017;AMICELCO;1;1/12/2017
1264;METIOM X 28 SOBRES;LAPRIN;12;2017;AMICELCO;1;1/12/2017
1265;IBUPROFENO MK JARABE 120 ML.;MK;12;2017;AMICELCO;1;1/12/2017
1266;NIVEA DEO BARRA ACLARADO 43 G;NIVEA;12;2017;AMICELCO;1;1/12/2017
1267;NIVEA DEO ROLL ON ACLARADO 50 ML;NIVEA;12;2017;AMICELCO;1;1/12/2017
1268;NIVEA DEO BARRA SILVER 43 G;NIVEA;12;2017;AMICELCO;1;1/12/2017
1269;NIVEA DEO SPRAY DRY CONFORT 92 G;NIVEA;12;2017;AMICELCO;1;1/12/2017
1270;PASTA ORAL B STAGES MIKEY;ORAL B;12;2017;AMICELCO;1;1/12/2017
1271;PASTA ORAL B STAGES PRINCES;ORAL B;12;2017;AMICELCO;1;1/12/2017
1272;PASTA ORAL B STAGES CARS;ORAL B;12;2017;AMICELCO;1;1/12/2017
1273;AMOXICILINA SUSP 100 ML;FARMANDINA;12;2017;BECOFARMA;0;1/12/2017
1274;ATORVASTATINA 10 MG X 30 TAB;FARMANDINA;12;2017;BECOFARMA;0;1/12/2017
1275;CIPROFIBRATO 100 MG X 10 TAB;FARMANDINA;12;2017;BECOFARMA;0;1/12/2017
1276;ESOMEORAZOL 40 MG X 14 TAB;FARMANDINA;12;2017;BECOFARMA;0;1/12/2017
1277;OSTEOCARE SUSP 200 ML;VITABIOTICS;12;2017;BODEGA;3;1/12/2017
1278;RUMALAYA FORTE X 60 TAB;HIMALAYA;12;2017;BODEGA;1;1/12/2017
1279;ULTRATENS X 30 TAB;JR;12;2017;BODEGA;1;1/12/2017
1280;TAPAZOL 5 MG X 20 TAB;GRUPO FARMA;12;2017;BODEGA;0;1/12/2017
1281;NAN 2 1100 G;NESTLE;12;2017;BODEGA;0;1/12/2017
1282;NESTUM TRIGO MIEL;NESTLE;12;2017;BODEGA;0;1/12/2017
1283;NESTUM TRIGO LECHE;NESTLE;12;2017;BODEGA;0;1/12/2017
1284;NESTUM 8 CEREALES;NESTLE;12;2017;BODEGA;0;1/12/2017
1285;NESTUM ARROZ;NESTLE;12;2017;BODEGA;0;1/12/2017
1286;NESTOGENO 2 400 G.;NESTLE;12;2017;BODEGA;0;1/12/2017
1287;NESTOGENO 1 400 G.;NESTLE;12;2017;BODEGA;0;1/12/2017
1288;PLEXUS INFANTIL JARABE 150 ML;SENOSIAN;12;2017;BODEGA;0;1/12/2017
1289;CLIDIPOX X 40 TAB;BRULAB;12;2017;BRULAB;0;1/12/2017
1290;BETADUO AMP 2 ML;PROCAPS;12;2017;CDI;0;1/12/2017
1291;VITA ASTENIAVIT X 10 AMP BEBI;LOPEZ;12;2017;CDI;0;1/12/2017
1292;INDERAL 40 MG X 50 TAB;ASTRAZENECA;12;2017;CENDIS;1;1/12/2017
1293;TENIRETIC 100 MG X 14 TAB;ASTRAZENECA;12;2017;CENDIS;1;1/12/2017
1294;NOVO ALERPRIV JARABE 60 ML;BAGO;12;2017;CENDIS;1;1/12/2017
1295;XICANIL CREMA 18 G;BMA;12;2017;CENDIS;1;1/12/2017
1296;TULENOL SUSPENSIÓN 120 ML.;JANSSENG;12;2017;CENDIS;1;1/12/2017
1297;HILO DELTAL JHONSON;JHONSON;12;2017;CENDIS;1;1/12/2017
1298;LISTERINE ZERO 500 ML;JHONSON;12;2017;CENDIS;1;1/12/2017
1299;SHAMPOO JHONSON ORIGINAL 400 ML;JHONSON;12;2017;CENDIS;1;1/12/2017
1300;SHAMPOO CABELLO OSCURO 400 ML;JHONSON;12;2017;CENDIS;1;1/12/2017
1301;CO DIOVAN 160/25 MG X 14 TAB;NOVARTIS;12;2017;CENDIS;1;1/12/2017
1302;GALVUS MET 50/1000 MG X 56 TAB;NOVARTIS;12;2017;CENDIS;1;1/12/2017
1303;NOVOMIX FLEXPEN;NOVO NORDISK;12;2017;CENDIS;1;1/12/2017
1304;TAFIL 1 MG X 30 TAB;PFIZER;12;2017;CENDIS;1;1/12/2017
1305;ADVIL X 12 TAB;WYET;12;2017;CENDIS;1;1/12/2017
1306;ZUGERYL X 30 TAB;CHEMILCO;12;2017;CHEMILCO;0;1/12/2017
1307;DORIVAL X 60 TAB;BAYER;12;2017;COIDE;4;1/12/2017
1308;DORIVAL GEL 36 TAB;BAYER;12;2017;COIDE;4;1/12/2017
1309;CANESTEN V CREMA  35 G;BAYER;12;2017;COIDE;4;1/12/2017
1310;OXY 5 TRANSPARENTE;GLAXO;12;2017;COIDE;1;1/12/2017
1311;OXY 10 TRANSPARENTE;GLAXO;12;2017;COIDE;1;1/12/2017
1312;PANADOL MULTISINTOMAS X 25 + 4 TAB;GLAXO;12;2017;COIDE;1;1/12/2017
1313;LODAL 20 MG X 30 TAB;GLOBAL PHARMA;12;2017;COIDE;1;1/12/2017
1314;RETRANQUIL PLUS X 30 TAB;HELOS;12;2017;HELOS/FARKOT;1;1/12/2017
1315;ENSOY DIABETICOS 400 G;LAFRANCOL;12;2017;COIDE;1;1/12/2017
1316;ROSECOL 20 MG X 15 TAB;MED PHARMA;12;2017;COIDE;1;1/12/2017
1317;PEPTO BISMOL X 24 TAB TIRAS;PROCTER;12;2017;COIDE;1;1/12/2017
1318;VICK TARRO 100 G;PROCTER;12;2017;COIDE;1;1/12/2017
1319;VITAPYRENA X 50 SOBRES;PROCTER;12;2017;COIDE;1;1/12/2017
1320;FORMULA 44 TODOS JARABE 120 ML;PROCTER;12;2017;COIDE;1;1/12/2017
1321;HUGGIES CLASSIC X 70 TOALLITAS;KIMBERLY CLARK;12;2017;COIDE;0;1/12/2017
1322;NAN SOYA 400 G;NESTLE;12;2017;COIDE;0;1/12/2017
1323;NAN 1 1100 G;NESTLE;12;2017;COIDE;0;1/12/2017
1324;NESTOGENO 1 400 G;NESTLE;12;2017;COIDE;0;1/12/2017
1325;CARBUM 40 MG X 20 TAB;UNIPHARM;12;2017;COLON;2;1/12/2017
1326;DIPRONOVA 1 ML;UNIPHARM;12;2017;COLON;2;1/12/2017
1327;CO DIOVAN 80/12,5 MG X 14 TAB;NOVARTIS;12;2017;COLON;1;1/12/2017
1328;KRALFLEX TRAUMA ;KRAL;12;2017;DONOVAN;0;1/12/2017
1329;ANALEV ALL X 10 TAB;FARBLES;12;2017;FARBLES;2;1/12/2017
1330;CROMATOMBIC FERRO X 20 AMP BEBI;MENARINI;12;2017;FARMEN;0;1/12/2017
1331;CLAVUNET BID X 14 TAB;FARNET;12;2017;FARNET;0;1/12/2017
1332;COLINET X 20 TAB;FARNET;12;2017;FARNET;0;1/12/2017
1333;BRU COXANIDA SUSP 30 ML;FR MEDIKAL;12;2017;FR MEDIKAL;0;1/12/2017
1334;CLAVIMOX BID SUSP 70 ML;INFASA;12;2017;INFASA;0;1/12/2017
1335;FERKEL TF SUSP 150 ML;INFASA;12;2017;INFASA;0;1/12/2017
1336;DEXTRIUMN25 MG X 10 TABLETAS;INFASA;12;2017;INFASA;0;1/12/2017
1337;PULMOKAST 10 MG X 20 TAB;INFASA;12;2017;INFASA;0;1/12/2017
1338;ENSURE NG VAINILLA 900 G;ABBOTT;12;2017;JI COHEN;1;1/12/2017
1339;ENSURE NG VAINILLA 400 G;ABBOTT;12;2017;JI COHEN;1;1/12/2017
1340;GLUCERNA SR VAINILLS 900 G;ABBOTT;12;2017;JI COHEN;1;1/12/2017
1341;PEDIASURE PLUS VAINILLA 8 OZ;ABBOTT;12;2017;JI COHEN;1;1/12/2017
1342;PEDIASURE CHOCOLATE 900 G;ABBOTT;12;2017;JI COHEN;1;1/12/2017
1343;DEPAKENE JARABE 120 ML;ABBOTT;12;2017;JI COHEN;1;1/12/2017
1344;PULMICORT X 10 AMPOLLAS;ASTRAZENECA;12;2017;JI COHEN;1;1/12/2017
1345;CICATRICURE ARRUGAS Y LINEAS DE EXPRESION;GENOMALAB;12;2017;JI COHEN;1;1/12/2017
1346;MEDICASP SHSMPOO 130 ML;GENOMALAB;12;2017;JI COHEN;1;1/12/2017
1347;MAGNESIA CALCINADA 1 ONZA;LAFIMARQ;12;2017;LAFIMARQ;0;1/12/2017
1348;CLANIC BID X 14 TAB;LANCASCO;12;2017;LANCASCO;0;1/12/2017
1349;UPRAL E 40 MG X 14 TAB;LANCASCO;12;2017;LANCASCO;0;1/12/2017
1350;DAZEL 40 MG X 20 TAB;LANCASCO;12;2017;LANCASCO;0;1/12/2017
1351;HIDRAVIDA PEDIATRICO MANZANA 500 ML;PISA;12;2017;LANQUETAN;1;1/12/2017
1352;AMARYL 2/1000 MG X 16 TAB;SANOFI AVENTIS;12;2017;LANQUETAN;1;1/12/2017
1353;APIDRA SOLORTAR PLUMA;SANOFI AVENTIS;12;2017;LANQUETAN;1;1/12/2017
1354;MAGNATIL X 14 TAB;ASOFARMA;12;2017;LANQUETAN;0;1/12/2017
1355;LISALGIL X 10 TAB;BOEHRINGER                              ;12;2017;LANQUETAN;0;1/12/2017
1356;MICARDIS DUO 80/10 MG X 28 TAB;BOEHRINGER                              ;12;2017;LANQUETAN;0;1/12/2017
1357;TRAYENTA DUO 2.5/850 MG X 60 TAB;BOEHRINGER                              ;12;2017;LANQUETAN;0;1/12/2017
1358;NUCLEO CMP X 30 TAB;FERRER;12;2017;LANQUETAN;0;1/12/2017
1359;ENFAMIL SIN LACTOSA 900 G;MEAD JHONSON;12;2017;LANQUETAN;0;1/12/2017
1360;CEBION CALCIO X 10 TAB;MERCK;12;2017;LANQUETAN;0;1/12/2017
1361;DOLO NEUROBION XR X 60 TAB;MERCK;12;2017;LANQUETAN;0;1/12/2017
1362;ILIADIN LUB SPRAY 20 ML;MERCK;12;2017;LANQUETAN;0;1/12/2017
1363;SINEMET 25/250 MG X 30 TAB;MSD;12;2017;LANQUETAN;0;1/12/2017
1364;ZOCOR 40 MG X 10 TAB;MSD;12;2017;LANQUETAN;0;1/12/2017
1365;TAFIL 0,5 MG X 100 TAB;PFIZER;12;2017;LANQUETAN;0;1/12/2017
1366;CELESTONE CRONIDOSE 3+3 AMPOLLA 2 ML;SCHERING PLOUG;12;2017;LANQUETAN;0;1/12/2017
1367;OLMETEC PLUS 40/12.5 MG X 14 TAB;SCHERING PLOUG;12;2017;LANQUETAN;0;1/12/2017
1368;PRIMERIS 750 MG X 5 TAB;PANALAB;12;2017;LETERAGO;0;1/12/2017
1369;PAMEZONE 40 MG X 14 TAB;ROEMMERS;12;2017;LETERAGO;0;1/12/2017
1370;ERITROPOYECTINA 4000 UI AMP;ROEMMERS;12;2017;LETERAGO;0;1/12/2017
1371;TUSILEXIL SUSP 120 ML;ROWE;12;2017;LETERAGO;0;1/12/2017
1372;TEBOKAN FORTE X 20 TAB;ROWE;12;2017;LETERAGO;0;1/12/2017
1373;LOSARTAN + HCT 50/12.5 MG X 28 TAB;DENK PHARMA;12;2017;MERCAFARMA;2;1/12/2017
1374;LOSARTAN 10 MG X 28 TAB;DENK PHARMA;12;2017;MERCAFARMA;2;1/12/2017
1375;ISOPTIN SR 240 MG X 20 TAB;ABBOTT;12;2017;MERCED;1;1/12/2017
1376;SIMILAC 2 400 G;ABBOTT;12;2017;MERCED;1;1/12/2017
1377;SIMILAC 3 850 G;ABBOTT;12;2017;MERCED;1;1/12/2017
1378;PEDIALYTE UVA 60 ;ABBOTT;12;2017;MERCED;1;1/12/2017
1379;BICLAVUXIL X 10 TAB;QUALIPHARM;12;2017;MERCED;4;1/12/2017
1380;GASTROBACTER TRATAMIENTO;QUALIPHARM;12;2017;MERCED;4;1/12/2017
1381;MICEBROL SOLUCION 240 ML;NIELSEN;12;2017;NIELSEN;3;1/12/2017
1382;GAAP COLIRIO 3 ML;SOPHIA;12;2017;REFASA;0;1/12/2017
1383;TIAMIDEXAL X 3 AMPOLLAS;SILANES;12;2017;RESCO;4;1/12/2017
1384;IPRO GESTOFEM X 21 TAB;ABL;12;2017;RESCO;2;1/12/2017
1385;PRETIFEN COLIRIO 5 ML;UNIPHARM;12;2017;RESCO;2;1/12/2017
1386;DIPRONOVA 1 ML AMPOLLA;UNIPHARM;12;2017;RESCO;2;1/12/2017
1387;ASTIK SR 75 MG X 30 TAB;UNIPHARM;12;2017;RESCO;2;1/12/2017
1388;TRIFAMOX IBL SUSP 60 ML;BAGO;12;2017;RESCO;0;1/12/2017
1389;ATORVASTATINA CALOX 10 MG X 30 TAB;CALOX;12;2017;RESCO;0;1/12/2017
1390;ESCITALOPRAM CALOX 10 MG X 28 TAB;CALOX;12;2017;RESCO;0;1/12/2017
1391;GLIMEPIRIDA CALOX 2 MG X 30 TAB;CALOX;12;2017;RESCO;0;1/12/2017
1392;IVERMECTINA CALOX 6 MG X 24 TAB;CALOX;12;2017;RESCO;0;1/12/2017
1393;DERMABEX CREMA 20 G;BEXSALPHARMA;12;2017;RYG;0;1/12/2017
1394;VERTICEN X 45 TAB;GALENIKA;12;2017;TRIPHARMA;1;1/12/2017
1395;BIOTIN ACONDICIONADOR 355 ML;BIOTIN;12;2017;VARIOS;0;1/12/2017
1396;DICLOFENACO LOKET AMPOLLA;WASHINGTON;12;2017;WASHINGTON;4;1/12/2017
1397;MOXILIN BID SUSP 70 ML;PEDLINE;12;2017;WELLCO;0;1/12/2017
